state_code,county_name,state_fips,county_fips
AK,Aleutians East Borough,02,013
AK,Aleutians West Census Area,02,016
AK,Anchorage Municipality,02,020
AK,Bethel Census Area,02,050
AK,Bristol Bay Borough,02,060
AK,Denali Borough,02,068
AK,Dillingham Census Area,02,070
AK,Fairbanks North Star Borough,02,090
AK,Haines Borough,02,100
AK,Hoonah-Angoon Census Area,02,105
AK,Juneau City and Borough,02,110
AK,Kenai Peninsula Borough,02,122
AK,Ketchikan Gateway Borough,02,130
AK,Kodiak Island Borough,02,150
AK,Kusilvak Census Area,02,158
AK,Lake and Peninsula Borough,02,164
AK,Matanuska-Susitna Borough,02,170
AK,Nome Census Area,02,180
AK,North Slope Borough,02,185
AK,Northwest Arctic Borough,02,188
AK,Petersburg Borough,02,195
AK,Prince of Wales-Hyder Census Area,02,198
AK,Sitka City and Borough,02,220
AK,Skagway Municipality,02,230
AK,Southeast Fairbanks Census Area,02,240
AK,Valdez-Cordova Census Area,02,261
AK,Wrangell City and Borough,02,275
AK,Yakutat City and Borough,02,282
AK,Yukon-Koyukuk Census Area,02,290
AL,Autauga County,01,001
AL,Baldwin County,01,003
AL,Barbour County,01,005
AL,Bibb County,01,007
AL,Blount County,01,009
AL,Bullock County,01,011
AL,Butler County,01,013
AL,Calhoun County,01,015
AL,Chambers County,01,017
AL,Cherokee County,01,019
AL,Chilton County,01,021
AL,Choctaw County,01,023
AL,Clarke County,01,025
AL,Clay County,01,027
AL,Cleburne County,01,029
AL,Coffee County,01,031
AL,Colbert County,01,033
AL,Conecuh County,01,035
AL,Coosa County,01,037
AL,Covington County,01,039
AL,Crenshaw County,01,041
AL,Cullman County,01,043
AL,Dale County,01,045
AL,Dallas County,01,047
AL,DeKalb County,01,049
AL,Elmore County,01,051
AL,Escambia County,01,053
AL,Etowah County,01,055
AL,Fayette County,01,057
AL,Franklin County,01,059
AL,Geneva County,01,061
AL,Greene County,01,063
AL,Hale County,01,065
AL,Henry County,01,067
AL,Houston County,01,069
AL,Jackson County,01,071
AL,Jefferson County,01,073
AL,Lamar County,01,075
AL,Lauderdale County,01,077
AL,Lawrence County,01,079
AL,Lee County,01,081
AL,Limestone County,01,083
AL,Lowndes County,01,085
AL,Macon County,01,087
AL,Madison County,01,089
AL,Marengo County,01,091
AL,Marion County,01,093
AL,Marshall County,01,095
AL,Mobile County,01,097
AL,Monroe County,01,099
AL,Montgomery County,01,101
AL,Morgan County,01,103
AL,Perry County,01,105
AL,Pickens County,01,107
AL,Pike County,01,109
AL,Randolph County,01,111
AL,Russell County,01,113
AL,Shelby County,01,117
AL,St. Clair County,01,115
AL,Sumter County,01,119
AL,Talladega County,01,121
AL,Tallapoosa County,01,123
AL,Tuscaloosa County,01,125
AL,Walker County,01,127
AL,Washington County,01,129
AL,Wilcox County,01,131
AL,Winston County,01,133
AR,Arkansas County,05,001
AR,Ashley County,05,003
AR,Baxter County,05,005
AR,Benton County,05,007
AR,Boone County,05,009
AR,Bradley County,05,011
AR,Calhoun County,05,013
AR,Carroll County,05,015
AR,Chicot County,05,017
AR,Clark County,05,019
AR,Clay County,05,021
AR,Cleburne County,05,023
AR,Cleveland County,05,025
AR,Columbia County,05,027
AR,Conway County,05,029
AR,Craighead County,05,031
AR,Crawford County,05,033
AR,Crittenden County,05,035
AR,Cross County,05,037
AR,Dallas County,05,039
AR,Desha County,05,041
AR,Drew County,05,043
AR,Faulkner County,05,045
AR,Franklin County,05,047
AR,Fulton County,05,049
AR,Garland County,05,051
AR,Grant County,05,053
AR,Greene County,05,055
AR,Hempstead County,05,057
AR,Hot Spring County,05,059
AR,Howard County,05,061
AR,Independence County,05,063
AR,Izard County,05,065
AR,Jackson County,05,067
AR,Jefferson County,05,069
AR,Johnson County,05,071
AR,Lafayette County,05,073
AR,Lawrence County,05,075
AR,Lee County,05,077
AR,Lincoln County,05,079
AR,Little River County,05,081
AR,Logan County,05,083
AR,Lonoke County,05,085
AR,Madison County,05,087
AR,Marion County,05,089
AR,Miller County,05,091
AR,Mississippi County,05,093
AR,Monroe County,05,095
AR,Montgomery County,05,097
AR,Nevada County,05,099
AR,Newton County,05,101
AR,Ouachita County,05,103
AR,Perry County,05,105
AR,Phillips County,05,107
AR,Pike County,05,109
AR,Poinsett County,05,111
AR,Polk County,05,113
AR,Pope County,05,115
AR,Prairie County,05,117
AR,Pulaski County,05,119
AR,Randolph County,05,121
AR,Saline County,05,125
AR,Scott County,05,127
AR,Searcy County,05,129
AR,Sebastian County,05,131
AR,Sevier County,05,133
AR,Sharp County,05,135
AR,St. Francis County,05,123
AR,Stone County,05,137
AR,Union County,05,139
AR,Van Buren County,05,141
AR,Washington County,05,143
AR,White County,05,145
AR,Woodruff County,05,147
AR,Yell County,05,149
AS,Eastern District,60,010
AS,Manu'a District,60,020
AS,Rose Island,60,030
AS,Swains Island,60,040
AS,Western District,60,050
AZ,Apache County,04,001
AZ,Cochise County,04,003
AZ,Coconino County,04,005
AZ,Gila County,04,007
AZ,Graham County,04,009
AZ,Greenlee County,04,011
AZ,La Paz County,04,012
AZ,Maricopa County,04,013
AZ,Mohave County,04,015
AZ,Navajo County,04,017
AZ,Pima County,04,019
AZ,Pinal County,04,021
AZ,Santa Cruz County,04,023
AZ,Yavapai County,04,025
AZ,Yuma County,04,027
CA,Alameda County,06,001
CA,Alpine County,06,003
CA,Amador County,06,005
CA,Butte County,06,007
CA,Calaveras County,06,009
CA,Colusa County,06,011
CA,Contra Costa County,06,013
CA,Del Norte County,06,015
CA,El Dorado County,06,017
CA,Fresno County,06,019
CA,Glenn County,06,021
CA,Humboldt County,06,023
CA,Imperial County,06,025
CA,Inyo County,06,027
CA,Kern County,06,029
CA,Kings County,06,031
CA,Lake County,06,033
CA,Lassen County,06,035
CA,Los Angeles County,06,037
CA,Madera County,06,039
CA,Marin County,06,041
CA,Mariposa County,06,043
CA,Mendocino County,06,045
CA,Merced County,06,047
CA,Modoc County,06,049
CA,Mono County,06,051
CA,Monterey County,06,053
CA,Napa County,06,055
CA,Nevada County,06,057
CA,Orange County,06,059
CA,Placer County,06,061
CA,Plumas County,06,063
CA,Riverside County,06,065
CA,Sacramento County,06,067
CA,San Benito County,06,069
CA,San Bernardino County,06,071
CA,San Diego County,06,073
CA,San Francisco County,06,075
CA,San Joaquin County,06,077
CA,San Luis Obispo County,06,079
CA,San Mateo County,06,081
CA,Santa Barbara County,06,083
CA,Santa Clara County,06,085
CA,Santa Cruz County,06,087
CA,Shasta County,06,089
CA,Sierra County,06,091
CA,Siskiyou County,06,093
CA,Solano County,06,095
CA,Sonoma County,06,097
CA,Stanislaus County,06,099
CA,Sutter County,06,101
CA,Tehama County,06,103
CA,Trinity County,06,105
CA,Tulare County,06,107
CA,Tuolumne County,06,109
CA,Ventura County,06,111
CA,Yolo County,06,113
CA,Yuba County,06,115
CO,Adams County,08,001
CO,Alamosa County,08,003
CO,Arapahoe County,08,005
CO,Archuleta County,08,007
CO,Baca County,08,009
CO,Bent County,08,011
CO,Boulder County,08,013
CO,Broomfield County,08,014
CO,Chaffee County,08,015
CO,Cheyenne County,08,017
CO,Clear Creek County,08,019
CO,Conejos County,08,021
CO,Costilla County,08,023
CO,Crowley County,08,025
CO,Custer County,08,027
CO,Delta County,08,029
CO,Denver County,08,031
CO,Dolores County,08,033
CO,Douglas County,08,035
CO,Eagle County,08,037
CO,El Paso County,08,041
CO,Elbert County,08,039
CO,Fremont County,08,043
CO,Garfield County,08,045
CO,Gilpin County,08,047
CO,Grand County,08,049
CO,Gunnison County,08,051
CO,Hinsdale County,08,053
CO,Huerfano County,08,055
CO,Jackson County,08,057
CO,Jefferson County,08,059
CO,Kiowa County,08,061
CO,Kit Carson County,08,063
CO,La Plata County,08,067
CO,Lake County,08,065
CO,Larimer County,08,069
CO,Las Animas County,08,071
CO,Lincoln County,08,073
CO,Logan County,08,075
CO,Mesa County,08,077
CO,Mineral County,08,079
CO,Moffat County,08,081
CO,Montezuma County,08,083
CO,Montrose County,08,085
CO,Morgan County,08,087
CO,Otero County,08,089
CO,Ouray County,08,091
CO,Park County,08,093
CO,Phillips County,08,095
CO,Pitkin County,08,097
CO,Prowers County,08,099
CO,Pueblo County,08,101
CO,Rio Blanco County,08,103
CO,Rio Grande County,08,105
CO,Routt County,08,107
CO,Saguache County,08,109
CO,San Juan County,08,111
CO,San Miguel County,08,113
CO,Sedgwick County,08,115
CO,Summit County,08,117
CO,Teller County,08,119
CO,Washington County,08,121
CO,Weld County,08,123
CO,Yuma County,08,125
CT,Fairfield County,09,001
CT,Hartford County,09,003
CT,Litchfield County,09,005
CT,Middlesex County,09,007
CT,New Haven County,09,009
CT,New London County,09,011
CT,Tolland County,09,013
CT,Windham County,09,015
DC,District of Columbia,11,001
DE,Kent County,10,001
DE,New Castle County,10,003
DE,Sussex County,10,005
FL,Alachua County,12,001
FL,Baker County,12,003
FL,Bay County,12,005
FL,Bradford County,12,007
FL,Brevard County,12,009
FL,Broward County,12,011
FL,Calhoun County,12,013
FL,Charlotte County,12,015
FL,Citrus County,12,017
FL,Clay County,12,019
FL,Collier County,12,021
FL,Columbia County,12,023
FL,DeSoto County,12,027
FL,Dixie County,12,029
FL,Duval County,12,031
FL,Escambia County,12,033
FL,Flagler County,12,035
FL,Franklin County,12,037
FL,Gadsden County,12,039
FL,Gilchrist County,12,041
FL,Glades County,12,043
FL,Gulf County,12,045
FL,Hamilton County,12,047
FL,Hardee County,12,049
FL,Hendry County,12,051
FL,Hernando County,12,053
FL,Highlands County,12,055
FL,Hillsborough County,12,057
FL,Holmes County,12,059
FL,Indian River County,12,061
FL,Jackson County,12,063
FL,Jefferson County,12,065
FL,Lafayette County,12,067
FL,Lake County,12,069
FL,Lee County,12,071
FL,Leon County,12,073
FL,Levy County,12,075
FL,Liberty County,12,077
FL,Madison County,12,079
FL,Manatee County,12,081
FL,Marion County,12,083
FL,Martin County,12,085
FL,Miami-Dade County,12,086
FL,Monroe County,12,087
FL,Nassau County,12,089
FL,Okaloosa County,12,091
FL,Okeechobee County,12,093
FL,Orange County,12,095
FL,Osceola County,12,097
FL,Palm Beach County,12,099
FL,Pasco County,12,101
FL,Pinellas County,12,103
FL,Polk County,12,105
FL,Putnam County,12,107
FL,Santa Rosa County,12,113
FL,Sarasota County,12,115
FL,Seminole County,12,117
FL,St. Johns County,12,109
FL,St. Lucie County,12,111
FL,Sumter County,12,119
FL,Suwannee County,12,121
FL,Taylor County,12,123
FL,Union County,12,125
FL,Volusia County,12,127
FL,Wakulla County,12,129
FL,Walton County,12,131
FL,Washington County,12,133
GA,Appling County,13,001
GA,Atkinson County,13,003
GA,Bacon County,13,005
GA,Baker County,13,007
GA,Baldwin County,13,009
GA,Banks County,13,011
GA,Barrow County,13,013
GA,Bartow County,13,015
GA,Ben Hill County,13,017
GA,Berrien County,13,019
GA,Bibb County,13,021
GA,Bleckley County,13,023
GA,Brantley County,13,025
GA,Brooks County,13,027
GA,Bryan County,13,029
GA,Bulloch County,13,031
GA,Burke County,13,033
GA,Butts County,13,035
GA,Calhoun County,13,037
GA,Camden County,13,039
GA,Candler County,13,043
GA,Carroll County,13,045
GA,Catoosa County,13,047
GA,Charlton County,13,049
GA,Chatham County,13,051
GA,Chattahoochee County,13,053
GA,Chattooga County,13,055
GA,Cherokee County,13,057
GA,Clarke County,13,059
GA,Clay County,13,061
GA,Clayton County,13,063
GA,Clinch County,13,065
GA,Cobb County,13,067
GA,Coffee County,13,069
GA,Colquitt County,13,071
GA,Columbia County,13,073
GA,Cook County,13,075
GA,Coweta County,13,077
GA,Crawford County,13,079
GA,Crisp County,13,081
GA,Dade County,13,083
GA,Dawson County,13,085
GA,DeKalb County,13,089
GA,Decatur County,13,087
GA,Dodge County,13,091
GA,Dooly County,13,093
GA,Dougherty County,13,095
GA,Douglas County,13,097
GA,Early County,13,099
GA,Echols County,13,101
GA,Effingham County,13,103
GA,Elbert County,13,105
GA,Emanuel County,13,107
GA,Evans County,13,109
GA,Fannin County,13,111
GA,Fayette County,13,113
GA,Floyd County,13,115
GA,Forsyth County,13,117
GA,Franklin County,13,119
GA,Fulton County,13,121
GA,Gilmer County,13,123
GA,Glascock County,13,125
GA,Glynn County,13,127
GA,Gordon County,13,129
GA,Grady County,13,131
GA,Greene County,13,133
GA,Gwinnett County,13,135
GA,Habersham County,13,137
GA,Hall County,13,139
GA,Hancock County,13,141
GA,Haralson County,13,143
GA,Harris County,13,145
GA,Hart County,13,147
GA,Heard County,13,149
GA,Henry County,13,151
GA,Houston County,13,153
GA,Irwin County,13,155
GA,Jackson County,13,157
GA,Jasper County,13,159
GA,Jeff Davis County,13,161
GA,Jefferson County,13,163
GA,Jenkins County,13,165
GA,Johnson County,13,167
GA,Jones County,13,169
GA,Lamar County,13,171
GA,Lanier County,13,173
GA,Laurens County,13,175
GA,Lee County,13,177
GA,Liberty County,13,179
GA,Lincoln County,13,181
GA,Long County,13,183
GA,Lowndes County,13,185
GA,Lumpkin County,13,187
GA,Macon County,13,193
GA,Madison County,13,195
GA,Marion County,13,197
GA,McDuffie County,13,189
GA,McIntosh County,13,191
GA,Meriwether County,13,199
GA,Miller County,13,201
GA,Mitchell County,13,205
GA,Monroe County,13,207
GA,Montgomery County,13,209
GA,Morgan County,13,211
GA,Murray County,13,213
GA,Muscogee County,13,215
GA,Newton County,13,217
GA,Oconee County,13,219
GA,Oglethorpe County,13,221
GA,Paulding County,13,223
GA,Peach County,13,225
GA,Pickens County,13,227
GA,Pierce County,13,229
GA,Pike County,13,231
GA,Polk County,13,233
GA,Pulaski County,13,235
GA,Putnam County,13,237
GA,Quitman County,13,239
GA,Rabun County,13,241
GA,Randolph County,13,243
GA,Richmond County,13,245
GA,Rockdale County,13,247
GA,Schley County,13,249
GA,Screven County,13,251
GA,Seminole County,13,253
GA,Spalding County,13,255
GA,Stephens County,13,257
GA,Stewart County,13,259
GA,Sumter County,13,261
GA,Talbot County,13,263
GA,Taliaferro County,13,265
GA,Tattnall County,13,267
GA,Taylor County,13,269
GA,Telfair County,13,271
GA,Terrell County,13,273
GA,Thomas County,13,275
GA,Tift County,13,277
GA,Toombs County,13,279
GA,Towns County,13,281
GA,Treutlen County,13,283
GA,Troup County,13,285
GA,Turner County,13,287
GA,Twiggs County,13,289
GA,Union County,13,291
GA,Upson County,13,293
GA,Walker County,13,295
GA,Walton County,13,297
GA,Ware County,13,299
GA,Warren County,13,301
GA,Washington County,13,303
GA,Wayne County,13,305
GA,Webster County,13,307
GA,Wheeler County,13,309
GA,White County,13,311
GA,Whitfield County,13,313
GA,Wilcox County,13,315
GA,Wilkes County,13,317
GA,Wilkinson County,13,319
GA,Worth County,13,321
GU,Guam,66,010
HI,Hawaii County,15,001
HI,Honolulu County,15,003
HI,Kalawao County,15,005
HI,Kauai County,15,007
HI,Maui County,15,009
IA,Adair County,19,001
IA,Adams County,19,003
IA,Allamakee County,19,005
IA,Appanoose County,19,007
IA,Audubon County,19,009
IA,Benton County,19,011
IA,Black Hawk County,19,013
IA,Boone County,19,015
IA,Bremer County,19,017
IA,Buchanan County,19,019
IA,Buena Vista County,19,021
IA,Butler County,19,023
IA,Calhoun County,19,025
IA,Carroll County,19,027
IA,Cass County,19,029
IA,Cedar County,19,031
IA,Cerro Gordo County,19,033
IA,Cherokee County,19,035
IA,Chickasaw County,19,037
IA,Clarke County,19,039
IA,Clay County,19,041
IA,Clayton County,19,043
IA,Clinton County,19,045
IA,Crawford County,19,047
IA,Dallas County,19,049
IA,Davis County,19,051
IA,Decatur County,19,053
IA,Delaware County,19,055
IA,Des Moines County,19,057
IA,Dickinson County,19,059
IA,Dubuque County,19,061
IA,Emmet County,19,063
IA,Fayette County,19,065
IA,Floyd County,19,067
IA,Franklin County,19,069
IA,Fremont County,19,071
IA,Greene County,19,073
IA,Grundy County,19,075
IA,Guthrie County,19,077
IA,Hamilton County,19,079
IA,Hancock County,19,081
IA,Hardin County,19,083
IA,Harrison County,19,085
IA,Henry County,19,087
IA,Howard County,19,089
IA,Humboldt County,19,091
IA,Ida County,19,093
IA,Iowa County,19,095
IA,Jackson County,19,097
IA,Jasper County,19,099
IA,Jefferson County,19,101
IA,Johnson County,19,103
IA,Jones County,19,105
IA,Keokuk County,19,107
IA,Kossuth County,19,109
IA,Lee County,19,111
IA,Linn County,19,113
IA,Louisa County,19,115
IA,Lucas County,19,117
IA,Lyon County,19,119
IA,Madison County,19,121
IA,Mahaska County,19,123
IA,Marion County,19,125
IA,Marshall County,19,127
IA,Mills County,19,129
IA,Mitchell County,19,131
IA,Monona County,19,133
IA,Monroe County,19,135
IA,Montgomery County,19,137
IA,Muscatine County,19,139
IA,O'Brien County,19,141
IA,Osceola County,19,143
IA,Page County,19,145
IA,Palo Alto County,19,147
IA,Plymouth County,19,149
IA,Pocahontas County,19,151
IA,Polk County,19,153
IA,Pottawattamie County,19,155
IA,Poweshiek County,19,157
IA,Ringgold County,19,159
IA,Sac County,19,161
IA,Scott County,19,163
IA,Shelby County,19,165
IA,Sioux County,19,167
IA,Story County,19,169
IA,Tama County,19,171
IA,Taylor County,19,173
IA,Union County,19,175
IA,Van Buren County,19,177
IA,Wapello County,19,179
IA,Warren County,19,181
IA,Washington County,19,183
IA,Wayne County,19,185
IA,Webster County,19,187
IA,Winnebago County,19,189
IA,Winneshiek County,19,191
IA,Woodbury County,19,193
IA,Worth County,19,195
IA,Wright County,19,197
ID,Ada County,16,001
ID,Adams County,16,003
ID,Bannock County,16,005
ID,Bear Lake County,16,007
ID,Benewah County,16,009
ID,Bingham County,16,011
ID,Blaine County,16,013
ID,Boise County,16,015
ID,Bonner County,16,017
ID,Bonneville County,16,019
ID,Boundary County,16,021
ID,Butte County,16,023
ID,Camas County,16,025
ID,Canyon County,16,027
ID,Caribou County,16,029
ID,Cassia County,16,031
ID,Clark County,16,033
ID,Clearwater County,16,035
ID,Custer County,16,037
ID,Elmore County,16,039
ID,Franklin County,16,041
ID,Fremont County,16,043
ID,Gem County,16,045
ID,Gooding County,16,047
ID,Idaho County,16,049
ID,Jefferson County,16,051
ID,Jerome County,16,053
ID,Kootenai County,16,055
ID,Latah County,16,057
ID,Lemhi County,16,059
ID,Lewis County,16,061
ID,Lincoln County,16,063
ID,Madison County,16,065
ID,Minidoka County,16,067
ID,Nez Perce County,16,069
ID,Oneida County,16,071
ID,Owyhee County,16,073
ID,Payette County,16,075
ID,Power County,16,077
ID,Shoshone County,16,079
ID,Teton County,16,081
ID,Twin Falls County,16,083
ID,Valley County,16,085
ID,Washington County,16,087
IL,Adams County,17,001
IL,Alexander County,17,003
IL,Bond County,17,005
IL,Boone County,17,007
IL,Brown County,17,009
IL,Bureau County,17,011
IL,Calhoun County,17,013
IL,Carroll County,17,015
IL,Cass County,17,017
IL,Champaign County,17,019
IL,Christian County,17,021
IL,Clark County,17,023
IL,Clay County,17,025
IL,Clinton County,17,027
IL,Coles County,17,029
IL,Cook County,17,031
IL,Crawford County,17,033
IL,Cumberland County,17,035
IL,De Witt County,17,039
IL,DeKalb County,17,037
IL,Douglas County,17,041
IL,DuPage County,17,043
IL,Edgar County,17,045
IL,Edwards County,17,047
IL,Effingham County,17,049
IL,Fayette County,17,051
IL,Ford County,17,053
IL,Franklin County,17,055
IL,Fulton County,17,057
IL,Gallatin County,17,059
IL,Greene County,17,061
IL,Grundy County,17,063
IL,Hamilton County,17,065
IL,Hancock County,17,067
IL,Hardin County,17,069
IL,Henderson County,17,071
IL,Henry County,17,073
IL,Iroquois County,17,075
IL,Jackson County,17,077
IL,Jasper County,17,079
IL,Jefferson County,17,081
IL,Jersey County,17,083
IL,Jo Daviess County,17,085
IL,Johnson County,17,087
IL,Kane County,17,089
IL,Kankakee County,17,091
IL,Kendall County,17,093
IL,Knox County,17,095
IL,LaSalle County,17,099
IL,Lake County,17,097
IL,Lawrence County,17,101
IL,Lee County,17,103
IL,Livingston County,17,105
IL,Logan County,17,107
IL,Macon County,17,115
IL,Macoupin County,17,117
IL,Madison County,17,119
IL,Marion County,17,121
IL,Marshall County,17,123
IL,Mason County,17,125
IL,Massac County,17,127
IL,McDonough County,17,109
IL,McHenry County,17,111
IL,McLean County,17,113
IL,Menard County,17,129
IL,Mercer County,17,131
IL,Monroe County,17,133
IL,Montgomery County,17,135
IL,Morgan County,17,137
IL,Moultrie County,17,139
IL,Ogle County,17,141
IL,Peoria County,17,143
IL,Perry County,17,145
IL,Piatt County,17,147
IL,Pike County,17,149
IL,Pope County,17,151
IL,Pulaski County,17,153
IL,Putnam County,17,155
IL,Randolph County,17,157
IL,Richland County,17,159
IL,Rock Island County,17,161
IL,Saline County,17,165
IL,Sangamon County,17,167
IL,Schuyler County,17,169
IL,Scott County,17,171
IL,Shelby County,17,173
IL,St. Clair County,17,163
IL,Stark County,17,175
IL,Stephenson County,17,177
IL,Tazewell County,17,179
IL,Union County,17,181
IL,Vermilion County,17,183
IL,Wabash County,17,185
IL,Warren County,17,187
IL,Washington County,17,189
IL,Wayne County,17,191
IL,White County,17,193
IL,Whiteside County,17,195
IL,Will County,17,197
IL,Williamson County,17,199
IL,Winnebago County,17,201
IL,Woodford County,17,203
IN,Adams County,18,001
IN,Allen County,18,003
IN,Bartholomew County,18,005
IN,Benton County,18,007
IN,Blackford County,18,009
IN,Boone County,18,011
IN,Brown County,18,013
IN,Carroll County,18,015
IN,Cass County,18,017
IN,Clark County,18,019
IN,Clay County,18,021
IN,Clinton County,18,023
IN,Crawford County,18,025
IN,Daviess County,18,027
IN,DeKalb County,18,033
IN,Dearborn County,18,029
IN,Decatur County,18,031
IN,Delaware County,18,035
IN,Dubois County,18,037
IN,Elkhart County,18,039
IN,Fayette County,18,041
IN,Floyd County,18,043
IN,Fountain County,18,045
IN,Franklin County,18,047
IN,Fulton County,18,049
IN,Gibson County,18,051
IN,Grant County,18,053
IN,Greene County,18,055
IN,Hamilton County,18,057
IN,Hancock County,18,059
IN,Harrison County,18,061
IN,Hendricks County,18,063
IN,Henry County,18,065
IN,Howard County,18,067
IN,Huntington County,18,069
IN,Jackson County,18,071
IN,Jasper County,18,073
IN,Jay County,18,075
IN,Jefferson County,18,077
IN,Jennings County,18,079
IN,Johnson County,18,081
IN,Knox County,18,083
IN,Kosciusko County,18,085
IN,LaGrange County,18,087
IN,LaPorte County,18,091
IN,Lake County,18,089
IN,Lawrence County,18,093
IN,Madison County,18,095
IN,Marion County,18,097
IN,Marshall County,18,099
IN,Martin County,18,101
IN,Miami County,18,103
IN,Monroe County,18,105
IN,Montgomery County,18,107
IN,Morgan County,18,109
IN,Newton County,18,111
IN,Noble County,18,113
IN,Ohio County,18,115
IN,Orange County,18,117
IN,Owen County,18,119
IN,Parke County,18,121
IN,Perry County,18,123
IN,Pike County,18,125
IN,Porter County,18,127
IN,Posey County,18,129
IN,Pulaski County,18,131
IN,Putnam County,18,133
IN,Randolph County,18,135
IN,Ripley County,18,137
IN,Rush County,18,139
IN,Scott County,18,143
IN,Shelby County,18,145
IN,Spencer County,18,147
IN,St. Joseph County,18,141
IN,Starke County,18,149
IN,Steuben County,18,151
IN,Sullivan County,18,153
IN,Switzerland County,18,155
IN,Tippecanoe County,18,157
IN,Tipton County,18,159
IN,Union County,18,161
IN,Vanderburgh County,18,163
IN,Vermillion County,18,165
IN,Vigo County,18,167
IN,Wabash County,18,169
IN,Warren County,18,171
IN,Warrick County,18,173
IN,Washington County,18,175
IN,Wayne County,18,177
IN,Wells County,18,179
IN,White County,18,181
IN,Whitley County,18,183
KS,Allen County,20,001
KS,Anderson County,20,003
KS,Atchison County,20,005
KS,Barber County,20,007
KS,Barton County,20,009
KS,Bourbon County,20,011
KS,Brown County,20,013
KS,Butler County,20,015
KS,Chase County,20,017
KS,Chautauqua County,20,019
KS,Cherokee County,20,021
KS,Cheyenne County,20,023
KS,Clark County,20,025
KS,Clay County,20,027
KS,Cloud County,20,029
KS,Coffey County,20,031
KS,Comanche County,20,033
KS,Cowley County,20,035
KS,Crawford County,20,037
KS,Decatur County,20,039
KS,Dickinson County,20,041
KS,Doniphan County,20,043
KS,Douglas County,20,045
KS,Edwards County,20,047
KS,Elk County,20,049
KS,Ellis County,20,051
KS,Ellsworth County,20,053
KS,Finney County,20,055
KS,Ford County,20,057
KS,Franklin County,20,059
KS,Geary County,20,061
KS,Gove County,20,063
KS,Graham County,20,065
KS,Grant County,20,067
KS,Gray County,20,069
KS,Greeley County,20,071
KS,Greenwood County,20,073
KS,Hamilton County,20,075
KS,Harper County,20,077
KS,Harvey County,20,079
KS,Haskell County,20,081
KS,Hodgeman County,20,083
KS,Jackson County,20,085
KS,Jefferson County,20,087
KS,Jewell County,20,089
KS,Johnson County,20,091
KS,Kearny County,20,093
KS,Kingman County,20,095
KS,Kiowa County,20,097
KS,Labette County,20,099
KS,Lane County,20,101
KS,Leavenworth County,20,103
KS,Lincoln County,20,105
KS,Linn County,20,107
KS,Logan County,20,109
KS,Lyon County,20,111
KS,Marion County,20,115
KS,Marshall County,20,117
KS,McPherson County,20,113
KS,Meade County,20,119
KS,Miami County,20,121
KS,Mitchell County,20,123
KS,Montgomery County,20,125
KS,Morris County,20,127
KS,Morton County,20,129
KS,Nemaha County,20,131
KS,Neosho County,20,133
KS,Ness County,20,135
KS,Norton County,20,137
KS,Osage County,20,139
KS,Osborne County,20,141
KS,Ottawa County,20,143
KS,Pawnee County,20,145
KS,Phillips County,20,147
KS,Pottawatomie County,20,149
KS,Pratt County,20,151
KS,Rawlins County,20,153
KS,Reno County,20,155
KS,Republic County,20,157
KS,Rice County,20,159
KS,Riley County,20,161
KS,Rooks County,20,163
KS,Rush County,20,165
KS,Russell County,20,167
KS,Saline County,20,169
KS,Scott County,20,171
KS,Sedgwick County,20,173
KS,Seward County,20,175
KS,Shawnee County,20,177
KS,Sheridan County,20,179
KS,Sherman County,20,181
KS,Smith County,20,183
KS,Stafford County,20,185
KS,Stanton County,20,187
KS,Stevens County,20,189
KS,Sumner County,20,191
KS,Thomas County,20,193
KS,Trego County,20,195
KS,Wabaunsee County,20,197
KS,Wallace County,20,199
KS,Washington County,20,201
KS,Wichita County,20,203
KS,Wilson County,20,205
KS,Woodson County,20,207
KS,Wyandotte County,20,209
KY,Adair County,21,001
KY,Allen County,21,003
KY,Anderson County,21,005
KY,Ballard County,21,007
KY,Barren County,21,009
KY,Bath County,21,011
KY,Bell County,21,013
KY,Boone County,21,015
KY,Bourbon County,21,017
KY,Boyd County,21,019
KY,Boyle County,21,021
KY,Bracken County,21,023
KY,Breathitt County,21,025
KY,Breckinridge County,21,027
KY,Bullitt County,21,029
KY,Butler County,21,031
KY,Caldwell County,21,033
KY,Calloway County,21,035
KY,Campbell County,21,037
KY,Carlisle County,21,039
KY,Carroll County,21,041
KY,Carter County,21,043
KY,Casey County,21,045
KY,Christian County,21,047
KY,Clark County,21,049
KY,Clay County,21,051
KY,Clinton County,21,053
KY,Crittenden County,21,055
KY,Cumberland County,21,057
KY,Daviess County,21,059
KY,Edmonson County,21,061
KY,Elliott County,21,063
KY,Estill County,21,065
KY,Fayette County,21,067
KY,Fleming County,21,069
KY,Floyd County,21,071
KY,Franklin County,21,073
KY,Fulton County,21,075
KY,Gallatin County,21,077
KY,Garrard County,21,079
KY,Grant County,21,081
KY,Graves County,21,083
KY,Grayson County,21,085
KY,Green County,21,087
KY,Greenup County,21,089
KY,Hancock County,21,091
KY,Hardin County,21,093
KY,Harlan County,21,095
KY,Harrison County,21,097
KY,Hart County,21,099
KY,Henderson County,21,101
KY,Henry County,21,103
KY,Hickman County,21,105
KY,Hopkins County,21,107
KY,Jackson County,21,109
KY,Jefferson County,21,111
KY,Jessamine County,21,113
KY,Johnson County,21,115
KY,Kenton County,21,117
KY,Knott County,21,119
KY,Knox County,21,121
KY,Larue County,21,123
KY,Laurel County,21,125
KY,Lawrence County,21,127
KY,Lee County,21,129
KY,Leslie County,21,131
KY,Letcher County,21,133
KY,Lewis County,21,135
KY,Lincoln County,21,137
KY,Livingston County,21,139
KY,Logan County,21,141
KY,Lyon County,21,143
KY,Madison County,21,151
KY,Magoffin County,21,153
KY,Marion County,21,155
KY,Marshall County,21,157
KY,Martin County,21,159
KY,Mason County,21,161
KY,McCracken County,21,145
KY,McCreary County,21,147
KY,McLean County,21,149
KY,Meade County,21,163
KY,Menifee County,21,165
KY,Mercer County,21,167
KY,Metcalfe County,21,169
KY,Monroe County,21,171
KY,Montgomery County,21,173
KY,Morgan County,21,175
KY,Muhlenberg County,21,177
KY,Nelson County,21,179
KY,Nicholas County,21,181
KY,Ohio County,21,183
KY,Oldham County,21,185
KY,Owen County,21,187
KY,Owsley County,21,189
KY,Pendleton County,21,191
KY,Perry County,21,193
KY,Pike County,21,195
KY,Powell County,21,197
KY,Pulaski County,21,199
KY,Robertson County,21,201
KY,Rockcastle County,21,203
KY,Rowan County,21,205
KY,Russell County,21,207
KY,Scott County,21,209
KY,Shelby County,21,211
KY,Simpson County,21,213
KY,Spencer County,21,215
KY,Taylor County,21,217
KY,Todd County,21,219
KY,Trigg County,21,221
KY,Trimble County,21,223
KY,Union County,21,225
KY,Warren County,21,227
KY,Washington County,21,229
KY,Wayne County,21,231
KY,Webster County,21,233
KY,Whitley County,21,235
KY,Wolfe County,21,237
KY,Woodford County,21,239
LA,Acadia Parish,22,001
LA,Allen Parish,22,003
LA,Ascension Parish,22,005
LA,Assumption Parish,22,007
LA,Avoyelles Parish,22,009
LA,Beauregard Parish,22,011
LA,Bienville Parish,22,013
LA,Bossier Parish,22,015
LA,Caddo Parish,22,017
LA,Calcasieu Parish,22,019
LA,Caldwell Parish,22,021
LA,Cameron Parish,22,023
LA,Catahoula Parish,22,025
LA,Claiborne Parish,22,027
LA,Concordia Parish,22,029
LA,De Soto Parish,22,031
LA,East Baton Rouge Parish,22,033
LA,East Carroll Parish,22,035
LA,East Feliciana Parish,22,037
LA,Evangeline Parish,22,039
LA,Franklin Parish,22,041
LA,Grant Parish,22,043
LA,Iberia Parish,22,045
LA,Iberville Parish,22,047
LA,Jackson Parish,22,049
LA,Jefferson Davis Parish,22,053
LA,Jefferson Parish,22,051
LA,LaSalle Parish,22,059
LA,Lafayette Parish,22,055
LA,Lafourche Parish,22,057
LA,Lincoln Parish,22,061
LA,Livingston Parish,22,063
LA,Madison Parish,22,065
LA,Morehouse Parish,22,067
LA,Natchitoches Parish,22,069
LA,Orleans Parish,22,071
LA,Ouachita Parish,22,073
LA,Plaquemines Parish,22,075
LA,Pointe Coupee Parish,22,077
LA,Rapides Parish,22,079
LA,Red River Parish,22,081
LA,Richland Parish,22,083
LA,Sabine Parish,22,085
LA,St. Bernard Parish,22,087
LA,St. Charles Parish,22,089
LA,St. Helena Parish,22,091
LA,St. James Parish,22,093
LA,St. John the Baptist Parish,22,095
LA,St. Landry Parish,22,097
LA,St. Martin Parish,22,099
LA,St. Mary Parish,22,101
LA,St. Tammany Parish,22,103
LA,Tangipahoa Parish,22,105
LA,Tensas Parish,22,107
LA,Terrebonne Parish,22,109
LA,Union Parish,22,111
LA,Vermilion Parish,22,113
LA,Vernon Parish,22,115
LA,Washington Parish,22,117
LA,Webster Parish,22,119
LA,West Baton Rouge Parish,22,121
LA,West Carroll Parish,22,123
LA,West Feliciana Parish,22,125
LA,Winn Parish,22,127
MA,Barnstable County,25,001
MA,Berkshire County,25,003
MA,Bristol County,25,005
MA,Dukes County,25,007
MA,Essex County,25,009
MA,Franklin County,25,011
MA,Hampden County,25,013
MA,Hampshire County,25,015
MA,Middlesex County,25,017
MA,Nantucket County,25,019
MA,Norfolk County,25,021
MA,Plymouth County,25,023
MA,Suffolk County,25,025
MA,Worcester County,25,027
MD,Allegany County,24,001
MD,Anne Arundel County,24,003
MD,Baltimore County,24,005
MD,Baltimore city,24,510
MD,Calvert County,24,009
MD,Caroline County,24,011
MD,Carroll County,24,013
MD,Cecil County,24,015
MD,Charles County,24,017
MD,Dorchester County,24,019
MD,Frederick County,24,021
MD,Garrett County,24,023
MD,Harford County,24,025
MD,Howard County,24,027
MD,Kent County,24,029
MD,Montgomery County,24,031
MD,Prince George's County,24,033
MD,Queen Anne's County,24,035
MD,Somerset County,24,039
MD,St. Mary's County,24,037
MD,Talbot County,24,041
MD,Washington County,24,043
MD,Wicomico County,24,045
MD,Worcester County,24,047
ME,Androscoggin County,23,001
ME,Aroostook County,23,003
ME,Cumberland County,23,005
ME,Franklin County,23,007
ME,Hancock County,23,009
ME,Kennebec County,23,011
ME,Knox County,23,013
ME,Lincoln County,23,015
ME,Oxford County,23,017
ME,Penobscot County,23,019
ME,Piscataquis County,23,021
ME,Sagadahoc County,23,023
ME,Somerset County,23,025
ME,Waldo County,23,027
ME,Washington County,23,029
ME,York County,23,031
MI,Alcona County,26,001
MI,Alger County,26,003
MI,Allegan County,26,005
MI,Alpena County,26,007
MI,Antrim County,26,009
MI,Arenac County,26,011
MI,Baraga County,26,013
MI,Barry County,26,015
MI,Bay County,26,017
MI,Benzie County,26,019
MI,Berrien County,26,021
MI,Branch County,26,023
MI,Calhoun County,26,025
MI,Cass County,26,027
MI,Charlevoix County,26,029
MI,Cheboygan County,26,031
MI,Chippewa County,26,033
MI,Clare County,26,035
MI,Clinton County,26,037
MI,Crawford County,26,039
MI,Delta County,26,041
MI,Dickinson County,26,043
MI,Eaton County,26,045
MI,Emmet County,26,047
MI,Genesee County,26,049
MI,Gladwin County,26,051
MI,Gogebic County,26,053
MI,Grand Traverse County,26,055
MI,Gratiot County,26,057
MI,Hillsdale County,26,059
MI,Houghton County,26,061
MI,Huron County,26,063
MI,Ingham County,26,065
MI,Ionia County,26,067
MI,Iosco County,26,069
MI,Iron County,26,071
MI,Isabella County,26,073
MI,Jackson County,26,075
MI,Kalamazoo County,26,077
MI,Kalkaska County,26,079
MI,Kent County,26,081
MI,Keweenaw County,26,083
MI,Lake County,26,085
MI,Lapeer County,26,087
MI,Leelanau County,26,089
MI,Lenawee County,26,091
MI,Livingston County,26,093
MI,Luce County,26,095
MI,Mackinac County,26,097
MI,Macomb County,26,099
MI,Manistee County,26,101
MI,Marquette County,26,103
MI,Mason County,26,105
MI,Mecosta County,26,107
MI,Menominee County,26,109
MI,Midland County,26,111
MI,Missaukee County,26,113
MI,Monroe County,26,115
MI,Montcalm County,26,117
MI,Montmorency County,26,119
MI,Muskegon County,26,121
MI,Newaygo County,26,123
MI,Oakland County,26,125
MI,Oceana County,26,127
MI,Ogemaw County,26,129
MI,Ontonagon County,26,131
MI,Osceola County,26,133
MI,Oscoda County,26,135
MI,Otsego County,26,137
MI,Ottawa County,26,139
MI,Presque Isle County,26,141
MI,Roscommon County,26,143
MI,Saginaw County,26,145
MI,Sanilac County,26,151
MI,Schoolcraft County,26,153
MI,Shiawassee County,26,155
MI,St. Clair County,26,147
MI,St. Joseph County,26,149
MI,Tuscola County,26,157
MI,Van Buren County,26,159
MI,Washtenaw County,26,161
MI,Wayne County,26,163
MI,Wexford County,26,165
MN,Aitkin County,27,001
MN,Anoka County,27,003
MN,Becker County,27,005
MN,Beltrami County,27,007
MN,Benton County,27,009
MN,Big Stone County,27,011
MN,Blue Earth County,27,013
MN,Brown County,27,015
MN,Carlton County,27,017
MN,Carver County,27,019
MN,Cass County,27,021
MN,Chippewa County,27,023
MN,Chisago County,27,025
MN,Clay County,27,027
MN,Clearwater County,27,029
MN,Cook County,27,031
MN,Cottonwood County,27,033
MN,Crow Wing County,27,035
MN,Dakota County,27,037
MN,Dodge County,27,039
MN,Douglas County,27,041
MN,Faribault County,27,043
MN,Fillmore County,27,045
MN,Freeborn County,27,047
MN,Goodhue County,27,049
MN,Grant County,27,051
MN,Hennepin County,27,053
MN,Houston County,27,055
MN,Hubbard County,27,057
MN,Isanti County,27,059
MN,Itasca County,27,061
MN,Jackson County,27,063
MN,Kanabec County,27,065
MN,Kandiyohi County,27,067
MN,Kittson County,27,069
MN,Koochiching County,27,071
MN,Lac qui Parle County,27,073
MN,Lake County,27,075
MN,Lake of the Woods County,27,077
MN,Le Sueur County,27,079
MN,Lincoln County,27,081
MN,Lyon County,27,083
MN,Mahnomen County,27,087
MN,Marshall County,27,089
MN,Martin County,27,091
MN,McLeod County,27,085
MN,Meeker County,27,093
MN,Mille Lacs County,27,095
MN,Morrison County,27,097
MN,Mower County,27,099
MN,Murray County,27,101
MN,Nicollet County,27,103
MN,Nobles County,27,105
MN,Norman County,27,107
MN,Olmsted County,27,109
MN,Otter Tail County,27,111
MN,Pennington County,27,113
MN,Pine County,27,115
MN,Pipestone County,27,117
MN,Polk County,27,119
MN,Pope County,27,121
MN,Ramsey County,27,123
MN,Red Lake County,27,125
MN,Redwood County,27,127
MN,Renville County,27,129
MN,Rice County,27,131
MN,Rock County,27,133
MN,Roseau County,27,135
MN,Scott County,27,139
MN,Sherburne County,27,141
MN,Sibley County,27,143
MN,St. Louis County,27,137
MN,Stearns County,27,145
MN,Steele County,27,147
MN,Stevens County,27,149
MN,Swift County,27,151
MN,Todd County,27,153
MN,Traverse County,27,155
MN,Wabasha County,27,157
MN,Wadena County,27,159
MN,Waseca County,27,161
MN,Washington County,27,163
MN,Watonwan County,27,165
MN,Wilkin County,27,167
MN,Winona County,27,169
MN,Wright County,27,171
MN,Yellow Medicine County,27,173
MO,Adair County,29,001
MO,Andrew County,29,003
MO,Atchison County,29,005
MO,Audrain County,29,007
MO,Barry County,29,009
MO,Barton County,29,011
MO,Bates County,29,013
MO,Benton County,29,015
MO,Bollinger County,29,017
MO,Boone County,29,019
MO,Buchanan County,29,021
MO,Butler County,29,023
MO,Caldwell County,29,025
MO,Callaway County,29,027
MO,Camden County,29,029
MO,Cape Girardeau County,29,031
MO,Carroll County,29,033
MO,Carter County,29,035
MO,Cass County,29,037
MO,Cedar County,29,039
MO,Chariton County,29,041
MO,Christian County,29,043
MO,Clark County,29,045
MO,Clay County,29,047
MO,Clinton County,29,049
MO,Cole County,29,051
MO,Cooper County,29,053
MO,Crawford County,29,055
MO,Dade County,29,057
MO,Dallas County,29,059
MO,Daviess County,29,061
MO,DeKalb County,29,063
MO,Dent County,29,065
MO,Douglas County,29,067
MO,Dunklin County,29,069
MO,Franklin County,29,071
MO,Gasconade County,29,073
MO,Gentry County,29,075
MO,Greene County,29,077
MO,Grundy County,29,079
MO,Harrison County,29,081
MO,Henry County,29,083
MO,Hickory County,29,085
MO,Holt County,29,087
MO,Howard County,29,089
MO,Howell County,29,091
MO,Iron County,29,093
MO,Jackson County,29,095
MO,Jasper County,29,097
MO,Jefferson County,29,099
MO,Johnson County,29,101
MO,Knox County,29,103
MO,Laclede County,29,105
MO,Lafayette County,29,107
MO,Lawrence County,29,109
MO,Lewis County,29,111
MO,Lincoln County,29,113
MO,Linn County,29,115
MO,Livingston County,29,117
MO,Macon County,29,121
MO,Madison County,29,123
MO,Maries County,29,125
MO,Marion County,29,127
MO,McDonald County,29,119
MO,Mercer County,29,129
MO,Miller County,29,131
MO,Mississippi County,29,133
MO,Moniteau County,29,135
MO,Monroe County,29,137
MO,Montgomery County,29,139
MO,Morgan County,29,141
MO,New Madrid County,29,143
MO,Newton County,29,145
MO,Nodaway County,29,147
MO,Oregon County,29,149
MO,Osage County,29,151
MO,Ozark County,29,153
MO,Pemiscot County,29,155
MO,Perry County,29,157
MO,Pettis County,29,159
MO,Phelps County,29,161
MO,Pike County,29,163
MO,Platte County,29,165
MO,Polk County,29,167
MO,Pulaski County,29,169
MO,Putnam County,29,171
MO,Ralls County,29,173
MO,Randolph County,29,175
MO,Ray County,29,177
MO,Reynolds County,29,179
MO,Ripley County,29,181
MO,Saline County,29,195
MO,Schuyler County,29,197
MO,Scotland County,29,199
MO,Scott County,29,201
MO,Shannon County,29,203
MO,Shelby County,29,205
MO,St. Charles County,29,183
MO,St. Clair County,29,185
MO,St. Francois County,29,187
MO,St. Louis County,29,189
MO,St. Louis city,29,510
MO,Ste. Genevieve County,29,186
MO,Stoddard County,29,207
MO,Stone County,29,209
MO,Sullivan County,29,211
MO,Taney County,29,213
MO,Texas County,29,215
MO,Vernon County,29,217
MO,Warren County,29,219
MO,Washington County,29,221
MO,Wayne County,29,223
MO,Webster County,29,225
MO,Worth County,29,227
MO,Wright County,29,229
MP,Northern Islands Municipality,69,085
MP,Rota Municipality,69,100
MP,Saipan Municipality,69,110
MP,Tinian Municipality,69,120
MS,Adams County,28,001
MS,Alcorn County,28,003
MS,Amite County,28,005
MS,Attala County,28,007
MS,Benton County,28,009
MS,Bolivar County,28,011
MS,Calhoun County,28,013
MS,Carroll County,28,015
MS,Chickasaw County,28,017
MS,Choctaw County,28,019
MS,Claiborne County,28,021
MS,Clarke County,28,023
MS,Clay County,28,025
MS,Coahoma County,28,027
MS,Copiah County,28,029
MS,Covington County,28,031
MS,DeSoto County,28,033
MS,Forrest County,28,035
MS,Franklin County,28,037
MS,George County,28,039
MS,Greene County,28,041
MS,Grenada County,28,043
MS,Hancock County,28,045
MS,Harrison County,28,047
MS,Hinds County,28,049
MS,Holmes County,28,051
MS,Humphreys County,28,053
MS,Issaquena County,28,055
MS,Itawamba County,28,057
MS,Jackson County,28,059
MS,Jasper County,28,061
MS,Jefferson County,28,063
MS,Jefferson Davis County,28,065
MS,Jones County,28,067
MS,Kemper County,28,069
MS,Lafayette County,28,071
MS,Lamar County,28,073
MS,Lauderdale County,28,075
MS,Lawrence County,28,077
MS,Leake County,28,079
MS,Lee County,28,081
MS,Leflore County,28,083
MS,Lincoln County,28,085
MS,Lowndes County,28,087
MS,Madison County,28,089
MS,Marion County,28,091
MS,Marshall County,28,093
MS,Monroe County,28,095
MS,Montgomery County,28,097
MS,Neshoba County,28,099
MS,Newton County,28,101
MS,Noxubee County,28,103
MS,Oktibbeha County,28,105
MS,Panola County,28,107
MS,Pearl River County,28,109
MS,Perry County,28,111
MS,Pike County,28,113
MS,Pontotoc County,28,115
MS,Prentiss County,28,117
MS,Quitman County,28,119
MS,Rankin County,28,121
MS,Scott County,28,123
MS,Sharkey County,28,125
MS,Simpson County,28,127
MS,Smith County,28,129
MS,Stone County,28,131
MS,Sunflower County,28,133
MS,Tallahatchie County,28,135
MS,Tate County,28,137
MS,Tippah County,28,139
MS,Tishomingo County,28,141
MS,Tunica County,28,143
MS,Union County,28,145
MS,Walthall County,28,147
MS,Warren County,28,149
MS,Washington County,28,151
MS,Wayne County,28,153
MS,Webster County,28,155
MS,Wilkinson County,28,157
MS,Winston County,28,159
MS,Yalobusha County,28,161
MS,Yazoo County,28,163
MT,Beaverhead County,30,001
MT,Big Horn County,30,003
MT,Blaine County,30,005
MT,Broadwater County,30,007
MT,Carbon County,30,009
MT,Carter County,30,011
MT,Cascade County,30,013
MT,Chouteau County,30,015
MT,Custer County,30,017
MT,Daniels County,30,019
MT,Dawson County,30,021
MT,Deer Lodge County,30,023
MT,Fallon County,30,025
MT,Fergus County,30,027
MT,Flathead County,30,029
MT,Gallatin County,30,031
MT,Garfield County,30,033
MT,Glacier County,30,035
MT,Golden Valley County,30,037
MT,Granite County,30,039
MT,Hill County,30,041
MT,Jefferson County,30,043
MT,Judith Basin County,30,045
MT,Lake County,30,047
MT,Lewis and Clark County,30,049
MT,Liberty County,30,051
MT,Lincoln County,30,053
MT,Madison County,30,057
MT,McCone County,30,055
MT,Meagher County,30,059
MT,Mineral County,30,061
MT,Missoula County,30,063
MT,Musselshell County,30,065
MT,Park County,30,067
MT,Petroleum County,30,069
MT,Phillips County,30,071
MT,Pondera County,30,073
MT,Powder River County,30,075
MT,Powell County,30,077
MT,Prairie County,30,079
MT,Ravalli County,30,081
MT,Richland County,30,083
MT,Roosevelt County,30,085
MT,Rosebud County,30,087
MT,Sanders County,30,089
MT,Sheridan County,30,091
MT,Silver Bow County,30,093
MT,Stillwater County,30,095
MT,Sweet Grass County,30,097
MT,Teton County,30,099
MT,Toole County,30,101
MT,Treasure County,30,103
MT,Valley County,30,105
MT,Wheatland County,30,107
MT,Wibaux County,30,109
MT,Yellowstone County,30,111
NC,Alamance County,37,001
NC,Alexander County,37,003
NC,Alleghany County,37,005
NC,Anson County,37,007
NC,Ashe County,37,009
NC,Avery County,37,011
NC,Beaufort County,37,013
NC,Bertie County,37,015
NC,Bladen County,37,017
NC,Brunswick County,37,019
NC,Buncombe County,37,021
NC,Burke County,37,023
NC,Cabarrus County,37,025
NC,Caldwell County,37,027
NC,Camden County,37,029
NC,Carteret County,37,031
NC,Caswell County,37,033
NC,Catawba County,37,035
NC,Chatham County,37,037
NC,Cherokee County,37,039
NC,Chowan County,37,041
NC,Clay County,37,043
NC,Cleveland County,37,045
NC,Columbus County,37,047
NC,Craven County,37,049
NC,Cumberland County,37,051
NC,Currituck County,37,053
NC,Dare County,37,055
NC,Davidson County,37,057
NC,Davie County,37,059
NC,Duplin County,37,061
NC,Durham County,37,063
NC,Edgecombe County,37,065
NC,Forsyth County,37,067
NC,Franklin County,37,069
NC,Gaston County,37,071
NC,Gates County,37,073
NC,Graham County,37,075
NC,Granville County,37,077
NC,Greene County,37,079
NC,Guilford County,37,081
NC,Halifax County,37,083
NC,Harnett County,37,085
NC,Haywood County,37,087
NC,Henderson County,37,089
NC,Hertford County,37,091
NC,Hoke County,37,093
NC,Hyde County,37,095
NC,Iredell County,37,097
NC,Jackson County,37,099
NC,Johnston County,37,101
NC,Jones County,37,103
NC,Lee County,37,105
NC,Lenoir County,37,107
NC,Lincoln County,37,109
NC,Macon County,37,113
NC,Madison County,37,115
NC,Martin County,37,117
NC,McDowell County,37,111
NC,Mecklenburg County,37,119
NC,Mitchell County,37,121
NC,Montgomery County,37,123
NC,Moore County,37,125
NC,Nash County,37,127
NC,New Hanover County,37,129
NC,Northampton County,37,131
NC,Onslow County,37,133
NC,Orange County,37,135
NC,Pamlico County,37,137
NC,Pasquotank County,37,139
NC,Pender County,37,141
NC,Perquimans County,37,143
NC,Person County,37,145
NC,Pitt County,37,147
NC,Polk County,37,149
NC,Randolph County,37,151
NC,Richmond County,37,153
NC,Robeson County,37,155
NC,Rockingham County,37,157
NC,Rowan County,37,159
NC,Rutherford County,37,161
NC,Sampson County,37,163
NC,Scotland County,37,165
NC,Stanly County,37,167
NC,Stokes County,37,169
NC,Surry County,37,171
NC,Swain County,37,173
NC,Transylvania County,37,175
NC,Tyrrell County,37,177
NC,Union County,37,179
NC,Vance County,37,181
NC,Wake County,37,183
NC,Warren County,37,185
NC,Washington County,37,187
NC,Watauga County,37,189
NC,Wayne County,37,191
NC,Wilkes County,37,193
NC,Wilson County,37,195
NC,Yadkin County,37,197
NC,Yancey County,37,199
ND,Adams County,38,001
ND,Barnes County,38,003
ND,Benson County,38,005
ND,Billings County,38,007
ND,Bottineau County,38,009
ND,Bowman County,38,011
ND,Burke County,38,013
ND,Burleigh County,38,015
ND,Cass County,38,017
ND,Cavalier County,38,019
ND,Dickey County,38,021
ND,Divide County,38,023
ND,Dunn County,38,025
ND,Eddy County,38,027
ND,Emmons County,38,029
ND,Foster County,38,031
ND,Golden Valley County,38,033
ND,Grand Forks County,38,035
ND,Grant County,38,037
ND,Griggs County,38,039
ND,Hettinger County,38,041
ND,Kidder County,38,043
ND,LaMoure County,38,045
ND,Logan County,38,047
ND,McHenry County,38,049
ND,McIntosh County,38,051
ND,McKenzie County,38,053
ND,McLean County,38,055
ND,Mercer County,38,057
ND,Morton County,38,059
ND,Mountrail County,38,061
ND,Nelson County,38,063
ND,Oliver County,38,065
ND,Pembina County,38,067
ND,Pierce County,38,069
ND,Ramsey County,38,071
ND,Ransom County,38,073
ND,Renville County,38,075
ND,Richland County,38,077
ND,Rolette County,38,079
ND,Sargent County,38,081
ND,Sheridan County,38,083
ND,Sioux County,38,085
ND,Slope County,38,087
ND,Stark County,38,089
ND,Steele County,38,091
ND,Stutsman County,38,093
ND,Towner County,38,095
ND,Traill County,38,097
ND,Walsh County,38,099
ND,Ward County,38,101
ND,Wells County,38,103
ND,Williams County,38,105
NE,Adams County,31,001
NE,Antelope County,31,003
NE,Arthur County,31,005
NE,Banner County,31,007
NE,Blaine County,31,009
NE,Boone County,31,011
NE,Box Butte County,31,013
NE,Boyd County,31,015
NE,Brown County,31,017
NE,Buffalo County,31,019
NE,Burt County,31,021
NE,Butler County,31,023
NE,Cass County,31,025
NE,Cedar County,31,027
NE,Chase County,31,029
NE,Cherry County,31,031
NE,Cheyenne County,31,033
NE,Clay County,31,035
NE,Colfax County,31,037
NE,Cuming County,31,039
NE,Custer County,31,041
NE,Dakota County,31,043
NE,Dawes County,31,045
NE,Dawson County,31,047
NE,Deuel County,31,049
NE,Dixon County,31,051
NE,Dodge County,31,053
NE,Douglas County,31,055
NE,Dundy County,31,057
NE,Fillmore County,31,059
NE,Franklin County,31,061
NE,Frontier County,31,063
NE,Furnas County,31,065
NE,Gage County,31,067
NE,Garden County,31,069
NE,Garfield County,31,071
NE,Gosper County,31,073
NE,Grant County,31,075
NE,Greeley County,31,077
NE,Hall County,31,079
NE,Hamilton County,31,081
NE,Harlan County,31,083
NE,Hayes County,31,085
NE,Hitchcock County,31,087
NE,Holt County,31,089
NE,Hooker County,31,091
NE,Howard County,31,093
NE,Jefferson County,31,095
NE,Johnson County,31,097
NE,Kearney County,31,099
NE,Keith County,31,101
NE,Keya Paha County,31,103
NE,Kimball County,31,105
NE,Knox County,31,107
NE,Lancaster County,31,109
NE,Lincoln County,31,111
NE,Logan County,31,113
NE,Loup County,31,115
NE,Madison County,31,119
NE,McPherson County,31,117
NE,Merrick County,31,121
NE,Morrill County,31,123
NE,Nance County,31,125
NE,Nemaha County,31,127
NE,Nuckolls County,31,129
NE,Otoe County,31,131
NE,Pawnee County,31,133
NE,Perkins County,31,135
NE,Phelps County,31,137
NE,Pierce County,31,139
NE,Platte County,31,141
NE,Polk County,31,143
NE,Red Willow County,31,145
NE,Richardson County,31,147
NE,Rock County,31,149
NE,Saline County,31,151
NE,Sarpy County,31,153
NE,Saunders County,31,155
NE,Scotts Bluff County,31,157
NE,Seward County,31,159
NE,Sheridan County,31,161
NE,Sherman County,31,163
NE,Sioux County,31,165
NE,Stanton County,31,167
NE,Thayer County,31,169
NE,Thomas County,31,171
NE,Thurston County,31,173
NE,Valley County,31,175
NE,Washington County,31,177
NE,Wayne County,31,179
NE,Webster County,31,181
NE,Wheeler County,31,183
NE,York County,31,185
NH,Belknap County,33,001
NH,Carroll County,33,003
NH,Cheshire County,33,005
NH,Coos County,33,007
NH,Grafton County,33,009
NH,Hillsborough County,33,011
NH,Merrimack County,33,013
NH,Rockingham County,33,015
NH,Strafford County,33,017
NH,Sullivan County,33,019
NJ,Atlantic County,34,001
NJ,Bergen County,34,003
NJ,Burlington County,34,005
NJ,Camden County,34,007
NJ,Cape May County,34,009
NJ,Cumberland County,34,011
NJ,Essex County,34,013
NJ,Gloucester County,34,015
NJ,Hudson County,34,017
NJ,Hunterdon County,34,019
NJ,Mercer County,34,021
NJ,Middlesex County,34,023
NJ,Monmouth County,34,025
NJ,Morris County,34,027
NJ,Ocean County,34,029
NJ,Passaic County,34,031
NJ,Salem County,34,033
NJ,Somerset County,34,035
NJ,Sussex County,34,037
NJ,Union County,34,039
NJ,Warren County,34,041
NM,Bernalillo County,35,001
NM,Catron County,35,003
NM,Chaves County,35,005
NM,Cibola County,35,006
NM,Colfax County,35,007
NM,Curry County,35,009
NM,De Baca County,35,011
NM,Doña Ana County,35,013
NM,Eddy County,35,015
NM,Grant County,35,017
NM,Guadalupe County,35,019
NM,Harding County,35,021
NM,Hidalgo County,35,023
NM,Lea County,35,025
NM,Lincoln County,35,027
NM,Los Alamos County,35,028
NM,Luna County,35,029
NM,McKinley County,35,031
NM,Mora County,35,033
NM,Otero County,35,035
NM,Quay County,35,037
NM,Rio Arriba County,35,039
NM,Roosevelt County,35,041
NM,San Juan County,35,045
NM,San Miguel County,35,047
NM,Sandoval County,35,043
NM,Santa Fe County,35,049
NM,Sierra County,35,051
NM,Socorro County,35,053
NM,Taos County,35,055
NM,Torrance County,35,057
NM,Union County,35,059
NM,Valencia County,35,061
NV,Carson City,32,510
NV,Churchill County,32,001
NV,Clark County,32,003
NV,Douglas County,32,005
NV,Elko County,32,007
NV,Esmeralda County,32,009
NV,Eureka County,32,011
NV,Humboldt County,32,013
NV,Lander County,32,015
NV,Lincoln County,32,017
NV,Lyon County,32,019
NV,Mineral County,32,021
NV,Nye County,32,023
NV,Pershing County,32,027
NV,Storey County,32,029
NV,Washoe County,32,031
NV,White Pine County,32,033
NY,Albany County,36,001
NY,Allegany County,36,003
NY,Bronx County,36,005
NY,Broome County,36,007
NY,Cattaraugus County,36,009
NY,Cayuga County,36,011
NY,Chautauqua County,36,013
NY,Chemung County,36,015
NY,Chenango County,36,017
NY,Clinton County,36,019
NY,Columbia County,36,021
NY,Cortland County,36,023
NY,Delaware County,36,025
NY,Dutchess County,36,027
NY,Erie County,36,029
NY,Essex County,36,031
NY,Franklin County,36,033
NY,Fulton County,36,035
NY,Genesee County,36,037
NY,Greene County,36,039
NY,Hamilton County,36,041
NY,Herkimer County,36,043
NY,Jefferson County,36,045
NY,Kings County,36,047
NY,Lewis County,36,049
NY,Livingston County,36,051
NY,Madison County,36,053
NY,Monroe County,36,055
NY,Montgomery County,36,057
NY,Nassau County,36,059
NY,New York County,36,061
NY,Niagara County,36,063
NY,Oneida County,36,065
NY,Onondaga County,36,067
NY,Ontario County,36,069
NY,Orange County,36,071
NY,Orleans County,36,073
NY,Oswego County,36,075
NY,Otsego County,36,077
NY,Putnam County,36,079
NY,Queens County,36,081
NY,Rensselaer County,36,083
NY,Richmond County,36,085
NY,Rockland County,36,087
NY,Saratoga County,36,091
NY,Schenectady County,36,093
NY,Schoharie County,36,095
NY,Schuyler County,36,097
NY,Seneca County,36,099
NY,St. Lawrence County,36,089
NY,Steuben County,36,101
NY,Suffolk County,36,103
NY,Sullivan County,36,105
NY,Tioga County,36,107
NY,Tompkins County,36,109
NY,Ulster County,36,111
NY,Warren County,36,113
NY,Washington County,36,115
NY,Wayne County,36,117
NY,Westchester County,36,119
NY,Wyoming County,36,121
NY,Yates County,36,123
OH,Adams County,39,001
OH,Allen County,39,003
OH,Ashland County,39,005
OH,Ashtabula County,39,007
OH,Athens County,39,009
OH,Auglaize County,39,011
OH,Belmont County,39,013
OH,Brown County,39,015
OH,Butler County,39,017
OH,Carroll County,39,019
OH,Champaign County,39,021
OH,Clark County,39,023
OH,Clermont County,39,025
OH,Clinton County,39,027
OH,Columbiana County,39,029
OH,Coshocton County,39,031
OH,Crawford County,39,033
OH,Cuyahoga County,39,035
OH,Darke County,39,037
OH,Defiance County,39,039
OH,Delaware County,39,041
OH,Erie County,39,043
OH,Fairfield County,39,045
OH,Fayette County,39,047
OH,Franklin County,39,049
OH,Fulton County,39,051
OH,Gallia County,39,053
OH,Geauga County,39,055
OH,Greene County,39,057
OH,Guernsey County,39,059
OH,Hamilton County,39,061
OH,Hancock County,39,063
OH,Hardin County,39,065
OH,Harrison County,39,067
OH,Henry County,39,069
OH,Highland County,39,071
OH,Hocking County,39,073
OH,Holmes County,39,075
OH,Huron County,39,077
OH,Jackson County,39,079
OH,Jefferson County,39,081
OH,Knox County,39,083
OH,Lake County,39,085
OH,Lawrence County,39,087
OH,Licking County,39,089
OH,Logan County,39,091
OH,Lorain County,39,093
OH,Lucas County,39,095
OH,Madison County,39,097
OH,Mahoning County,39,099
OH,Marion County,39,101
OH,Medina County,39,103
OH,Meigs County,39,105
OH,Mercer County,39,107
OH,Miami County,39,109
OH,Monroe County,39,111
OH,Montgomery County,39,113
OH,Morgan County,39,115
OH,Morrow County,39,117
OH,Muskingum County,39,119
OH,Noble County,39,121
OH,Ottawa County,39,123
OH,Paulding County,39,125
OH,Perry County,39,127
OH,Pickaway County,39,129
OH,Pike County,39,131
OH,Portage County,39,133
OH,Preble County,39,135
OH,Putnam County,39,137
OH,Richland County,39,139
OH,Ross County,39,141
OH,Sandusky County,39,143
OH,Scioto County,39,145
OH,Seneca County,39,147
OH,Shelby County,39,149
OH,Stark County,39,151
OH,Summit County,39,153
OH,Trumbull County,39,155
OH,Tuscarawas County,39,157
OH,Union County,39,159
OH,Van Wert County,39,161
OH,Vinton County,39,163
OH,Warren County,39,165
OH,Washington County,39,167
OH,Wayne County,39,169
OH,Williams County,39,171
OH,Wood County,39,173
OH,Wyandot County,39,175
OK,Adair County,40,001
OK,Alfalfa County,40,003
OK,Atoka County,40,005
OK,Beaver County,40,007
OK,Beckham County,40,009
OK,Blaine County,40,011
OK,Bryan County,40,013
OK,Caddo County,40,015
OK,Canadian County,40,017
OK,Carter County,40,019
OK,Cherokee County,40,021
OK,Choctaw County,40,023
OK,Cimarron County,40,025
OK,Cleveland County,40,027
OK,Coal County,40,029
OK,Comanche County,40,031
OK,Cotton County,40,033
OK,Craig County,40,035
OK,Creek County,40,037
OK,Custer County,40,039
OK,Delaware County,40,041
OK,Dewey County,40,043
OK,Ellis County,40,045
OK,Garfield County,40,047
OK,Garvin County,40,049
OK,Grady County,40,051
OK,Grant County,40,053
OK,Greer County,40,055
OK,Harmon County,40,057
OK,Harper County,40,059
OK,Haskell County,40,061
OK,Hughes County,40,063
OK,Jackson County,40,065
OK,Jefferson County,40,067
OK,Johnston County,40,069
OK,Kay County,40,071
OK,Kingfisher County,40,073
OK,Kiowa County,40,075
OK,Latimer County,40,077
OK,Le Flore County,40,079
OK,Lincoln County,40,081
OK,Logan County,40,083
OK,Love County,40,085
OK,Major County,40,093
OK,Marshall County,40,095
OK,Mayes County,40,097
OK,McClain County,40,087
OK,McCurtain County,40,089
OK,McIntosh County,40,091
OK,Murray County,40,099
OK,Muskogee County,40,101
OK,Noble County,40,103
OK,Nowata County,40,105
OK,Okfuskee County,40,107
OK,Oklahoma County,40,109
OK,Okmulgee County,40,111
OK,Osage County,40,113
OK,Ottawa County,40,115
OK,Pawnee County,40,117
OK,Payne County,40,119
OK,Pittsburg County,40,121
OK,Pontotoc County,40,123
OK,Pottawatomie County,40,125
OK,Pushmataha County,40,127
OK,Roger Mills County,40,129
OK,Rogers County,40,131
OK,Seminole County,40,133
OK,Sequoyah County,40,135
OK,Stephens County,40,137
OK,Texas County,40,139
OK,Tillman County,40,141
OK,Tulsa County,40,143
OK,Wagoner County,40,145
OK,Washington County,40,147
OK,Washita County,40,149
OK,Woods County,40,151
OK,Woodward County,40,153
OR,Baker County,41,001
OR,Benton County,41,003
OR,Clackamas County,41,005
OR,Clatsop County,41,007
OR,Columbia County,41,009
OR,Coos County,41,011
OR,Crook County,41,013
OR,Curry County,41,015
OR,Deschutes County,41,017
OR,Douglas County,41,019
OR,Gilliam County,41,021
OR,Grant County,41,023
OR,Harney County,41,025
OR,Hood River County,41,027
OR,Jackson County,41,029
OR,Jefferson County,41,031
OR,Josephine County,41,033
OR,Klamath County,41,035
OR,Lake County,41,037
OR,Lane County,41,039
OR,Lincoln County,41,041
OR,Linn County,41,043
OR,Malheur County,41,045
OR,Marion County,41,047
OR,Morrow County,41,049
OR,Multnomah County,41,051
OR,Polk County,41,053
OR,Sherman County,41,055
OR,Tillamook County,41,057
OR,Umatilla County,41,059
OR,Union County,41,061
OR,Wallowa County,41,063
OR,Wasco County,41,065
OR,Washington County,41,067
OR,Wheeler County,41,069
OR,Yamhill County,41,071
PA,Adams County,42,001
PA,Allegheny County,42,003
PA,Armstrong County,42,005
PA,Beaver County,42,007
PA,Bedford County,42,009
PA,Berks County,42,011
PA,Blair County,42,013
PA,Bradford County,42,015
PA,Bucks County,42,017
PA,Butler County,42,019
PA,Cambria County,42,021
PA,Cameron County,42,023
PA,Carbon County,42,025
PA,Centre County,42,027
PA,Chester County,42,029
PA,Clarion County,42,031
PA,Clearfield County,42,033
PA,Clinton County,42,035
PA,Columbia County,42,037
PA,Crawford County,42,039
PA,Cumberland County,42,041
PA,Dauphin County,42,043
PA,Delaware County,42,045
PA,Elk County,42,047
PA,Erie County,42,049
PA,Fayette County,42,051
PA,Forest County,42,053
PA,Franklin County,42,055
PA,Fulton County,42,057
PA,Greene County,42,059
PA,Huntingdon County,42,061
PA,Indiana County,42,063
PA,Jefferson County,42,065
PA,Juniata County,42,067
PA,Lackawanna County,42,069
PA,Lancaster County,42,071
PA,Lawrence County,42,073
PA,Lebanon County,42,075
PA,Lehigh County,42,077
PA,Luzerne County,42,079
PA,Lycoming County,42,081
PA,McKean County,42,083
PA,Mercer County,42,085
PA,Mifflin County,42,087
PA,Monroe County,42,089
PA,Montgomery County,42,091
PA,Montour County,42,093
PA,Northampton County,42,095
PA,Northumberland County,42,097
PA,Perry County,42,099
PA,Philadelphia County,42,101
PA,Pike County,42,103
PA,Potter County,42,105
PA,Schuylkill County,42,107
PA,Snyder County,42,109
PA,Somerset County,42,111
PA,Sullivan County,42,113
PA,Susquehanna County,42,115
PA,Tioga County,42,117
PA,Union County,42,119
PA,Venango County,42,121
PA,Warren County,42,123
PA,Washington County,42,125
PA,Wayne County,42,127
PA,Westmoreland County,42,129
PA,Wyoming County,42,131
PA,York County,42,133
PR,Adjuntas Municipio,72,001
PR,Aguada Municipio,72,003
PR,Aguadilla Municipio,72,005
PR,Aguas Buenas Municipio,72,007
PR,Aibonito Municipio,72,009
PR,Arecibo Municipio,72,013
PR,Arroyo Municipio,72,015
PR,Añasco Municipio,72,011
PR,Barceloneta Municipio,72,017
PR,Barranquitas Municipio,72,019
PR,Bayamón Municipio,72,021
PR,Cabo Rojo Municipio,72,023
PR,Caguas Municipio,72,025
PR,Camuy Municipio,72,027
PR,Canóvanas Municipio,72,029
PR,Carolina Municipio,72,031
PR,Cataño Municipio,72,033
PR,Cayey Municipio,72,035
PR,Ceiba Municipio,72,037
PR,Ciales Municipio,72,039
PR,Cidra Municipio,72,041
PR,Coamo Municipio,72,043
PR,Comerío Municipio,72,045
PR,Corozal Municipio,72,047
PR,Culebra Municipio,72,049
PR,Dorado Municipio,72,051
PR,Fajardo Municipio,72,053
PR,Florida Municipio,72,054
PR,Guayama Municipio,72,057
PR,Guayanilla Municipio,72,059
PR,Guaynabo Municipio,72,061
PR,Gurabo Municipio,72,063
PR,Guánica Municipio,72,055
PR,Hatillo Municipio,72,065
PR,Hormigueros Municipio,72,067
PR,Humacao Municipio,72,069
PR,Isabela Municipio,72,071
PR,Jayuya Municipio,72,073
PR,Juana Díaz Municipio,72,075
PR,Juncos Municipio,72,077
PR,Lajas Municipio,72,079
PR,Lares Municipio,72,081
PR,Las Marías Municipio,72,083
PR,Las Piedras Municipio,72,085
PR,Loíza Municipio,72,087
PR,Luquillo Municipio,72,089
PR,Manatí Municipio,72,091
PR,Maricao Municipio,72,093
PR,Maunabo Municipio,72,095
PR,Mayagüez Municipio,72,097
PR,Moca Municipio,72,099
PR,Morovis Municipio,72,101
PR,Naguabo Municipio,72,103
PR,Naranjito Municipio,72,105
PR,Orocovis Municipio,72,107
PR,Patillas Municipio,72,109
PR,Peñuelas Municipio,72,111
PR,Ponce Municipio,72,113
PR,Quebradillas Municipio,72,115
PR,Rincón Municipio,72,117
PR,Río Grande Municipio,72,119
PR,Sabana Grande Municipio,72,121
PR,Salinas Municipio,72,123
PR,San Germán Municipio,72,125
PR,San Juan Municipio,72,127
PR,San Lorenzo Municipio,72,129
PR,San Sebastián Municipio,72,131
PR,Santa Isabel Municipio,72,133
PR,Toa Alta Municipio,72,135
PR,Toa Baja Municipio,72,137
PR,Trujillo Alto Municipio,72,139
PR,Utuado Municipio,72,141
PR,Vega Alta Municipio,72,143
PR,Vega Baja Municipio,72,145
PR,Vieques Municipio,72,147
PR,Villalba Municipio,72,149
PR,Yabucoa Municipio,72,151
PR,Yauco Municipio,72,153
RI,Bristol County,44,001
RI,Kent County,44,003
RI,Newport County,44,005
RI,Providence County,44,007
RI,Washington County,44,009
SC,Abbeville County,45,001
SC,Aiken County,45,003
SC,Allendale County,45,005
SC,Anderson County,45,007
SC,Bamberg County,45,009
SC,Barnwell County,45,011
SC,Beaufort County,45,013
SC,Berkeley County,45,015
SC,Calhoun County,45,017
SC,Charleston County,45,019
SC,Cherokee County,45,021
SC,Chester County,45,023
SC,Chesterfield County,45,025
SC,Clarendon County,45,027
SC,Colleton County,45,029
SC,Darlington County,45,031
SC,Dillon County,45,033
SC,Dorchester County,45,035
SC,Edgefield County,45,037
SC,Fairfield County,45,039
SC,Florence County,45,041
SC,Georgetown County,45,043
SC,Greenville County,45,045
SC,Greenwood County,45,047
SC,Hampton County,45,049
SC,Horry County,45,051
SC,Jasper County,45,053
SC,Kershaw County,45,055
SC,Lancaster County,45,057
SC,Laurens County,45,059
SC,Lee County,45,061
SC,Lexington County,45,063
SC,Marion County,45,067
SC,Marlboro County,45,069
SC,McCormick County,45,065
SC,Newberry County,45,071
SC,Oconee County,45,073
SC,Orangeburg County,45,075
SC,Pickens County,45,077
SC,Richland County,45,079
SC,Saluda County,45,081
SC,Spartanburg County,45,083
SC,Sumter County,45,085
SC,Union County,45,087
SC,Williamsburg County,45,089
SC,York County,45,091
SD,Aurora County,46,003
SD,Beadle County,46,005
SD,Bennett County,46,007
SD,Bon Homme County,46,009
SD,Brookings County,46,011
SD,Brown County,46,013
SD,Brule County,46,015
SD,Buffalo County,46,017
SD,Butte County,46,019
SD,Campbell County,46,021
SD,Charles Mix County,46,023
SD,Clark County,46,025
SD,Clay County,46,027
SD,Codington County,46,029
SD,Corson County,46,031
SD,Custer County,46,033
SD,Davison County,46,035
SD,Day County,46,037
SD,Deuel County,46,039
SD,Dewey County,46,041
SD,Douglas County,46,043
SD,Edmunds County,46,045
SD,Fall River County,46,047
SD,Faulk County,46,049
SD,Grant County,46,051
SD,Gregory County,46,053
SD,Haakon County,46,055
SD,Hamlin County,46,057
SD,Hand County,46,059
SD,Hanson County,46,061
SD,Harding County,46,063
SD,Hughes County,46,065
SD,Hutchinson County,46,067
SD,Hyde County,46,069
SD,Jackson County,46,071
SD,Jerauld County,46,073
SD,Jones County,46,075
SD,Kingsbury County,46,077
SD,Lake County,46,079
SD,Lawrence County,46,081
SD,Lincoln County,46,083
SD,Lyman County,46,085
SD,Marshall County,46,091
SD,McCook County,46,087
SD,McPherson County,46,089
SD,Meade County,46,093
SD,Mellette County,46,095
SD,Miner County,46,097
SD,Minnehaha County,46,099
SD,Moody County,46,101
SD,Oglala Lakota County,46,102
SD,Pennington County,46,103
SD,Perkins County,46,105
SD,Potter County,46,107
SD,Roberts County,46,109
SD,Sanborn County,46,111
SD,Spink County,46,115
SD,Stanley County,46,117
SD,Sully County,46,119
SD,Todd County,46,121
SD,Tripp County,46,123
SD,Turner County,46,125
SD,Union County,46,127
SD,Walworth County,46,129
SD,Yankton County,46,135
SD,Ziebach County,46,137
TN,Anderson County,47,001
TN,Bedford County,47,003
TN,Benton County,47,005
TN,Bledsoe County,47,007
TN,Blount County,47,009
TN,Bradley County,47,011
TN,Campbell County,47,013
TN,Cannon County,47,015
TN,Carroll County,47,017
TN,Carter County,47,019
TN,Cheatham County,47,021
TN,Chester County,47,023
TN,Claiborne County,47,025
TN,Clay County,47,027
TN,Cocke County,47,029
TN,Coffee County,47,031
TN,Crockett County,47,033
TN,Cumberland County,47,035
TN,Davidson County,47,037
TN,DeKalb County,47,041
TN,Decatur County,47,039
TN,Dickson County,47,043
TN,Dyer County,47,045
TN,Fayette County,47,047
TN,Fentress County,47,049
TN,Franklin County,47,051
TN,Gibson County,47,053
TN,Giles County,47,055
TN,Grainger County,47,057
TN,Greene County,47,059
TN,Grundy County,47,061
TN,Hamblen County,47,063
TN,Hamilton County,47,065
TN,Hancock County,47,067
TN,Hardeman County,47,069
TN,Hardin County,47,071
TN,Hawkins County,47,073
TN,Haywood County,47,075
TN,Henderson County,47,077
TN,Henry County,47,079
TN,Hickman County,47,081
TN,Houston County,47,083
TN,Humphreys County,47,085
TN,Jackson County,47,087
TN,Jefferson County,47,089
TN,Johnson County,47,091
TN,Knox County,47,093
TN,Lake County,47,095
TN,Lauderdale County,47,097
TN,Lawrence County,47,099
TN,Lewis County,47,101
TN,Lincoln County,47,103
TN,Loudon County,47,105
TN,Macon County,47,111
TN,Madison County,47,113
TN,Marion County,47,115
TN,Marshall County,47,117
TN,Maury County,47,119
TN,McMinn County,47,107
TN,McNairy County,47,109
TN,Meigs County,47,121
TN,Monroe County,47,123
TN,Montgomery County,47,125
TN,Moore County,47,127
TN,Morgan County,47,129
TN,Obion County,47,131
TN,Overton County,47,133
TN,Perry County,47,135
TN,Pickett County,47,137
TN,Polk County,47,139
TN,Putnam County,47,141
TN,Rhea County,47,143
TN,Roane County,47,145
TN,Robertson County,47,147
TN,Rutherford County,47,149
TN,Scott County,47,151
TN,Sequatchie County,47,153
TN,Sevier County,47,155
TN,Shelby County,47,157
TN,Smith County,47,159
TN,Stewart County,47,161
TN,Sullivan County,47,163
TN,Sumner County,47,165
TN,Tipton County,47,167
TN,Trousdale County,47,169
TN,Unicoi County,47,171
TN,Union County,47,173
TN,Van Buren County,47,175
TN,Warren County,47,177
TN,Washington County,47,179
TN,Wayne County,47,181
TN,Weakley County,47,183
TN,White County,47,185
TN,Williamson County,47,187
TN,Wilson County,47,189
TX,Anderson County,48,001
TX,Andrews County,48,003
TX,Angelina County,48,005
TX,Aransas County,48,007
TX,Archer County,48,009
TX,Armstrong County,48,011
TX,Atascosa County,48,013
TX,Austin County,48,015
TX,Bailey County,48,017
TX,Bandera County,48,019
TX,Bastrop County,48,021
TX,Baylor County,48,023
TX,Bee County,48,025
TX,Bell County,48,027
TX,Bexar County,48,029
TX,Blanco County,48,031
TX,Borden County,48,033
TX,Bosque County,48,035
TX,Bowie County,48,037
TX,Brazoria County,48,039
TX,Brazos County,48,041
TX,Brewster County,48,043
TX,Briscoe County,48,045
TX,Brooks County,48,047
TX,Brown County,48,049
TX,Burleson County,48,051
TX,Burnet County,48,053
TX,Caldwell County,48,055
TX,Calhoun County,48,057
TX,Callahan County,48,059
TX,Cameron County,48,061
TX,Camp County,48,063
TX,Carson County,48,065
TX,Cass County,48,067
TX,Castro County,48,069
TX,Chambers County,48,071
TX,Cherokee County,48,073
TX,Childress County,48,075
TX,Clay County,48,077
TX,Cochran County,48,079
TX,Coke County,48,081
TX,Coleman County,48,083
TX,Collin County,48,085
TX,Collingsworth County,48,087
TX,Colorado County,48,089
TX,Comal County,48,091
TX,Comanche County,48,093
TX,Concho County,48,095
TX,Cooke County,48,097
TX,Coryell County,48,099
TX,Cottle County,48,101
TX,Crane County,48,103
TX,Crockett County,48,105
TX,Crosby County,48,107
TX,Culberson County,48,109
TX,Dallam County,48,111
TX,Dallas County,48,113
TX,Dawson County,48,115
TX,DeWitt County,48,123
TX,Deaf Smith County,48,117
TX,Delta County,48,119
TX,Denton County,48,121
TX,Dickens County,48,125
TX,Dimmit County,48,127
TX,Donley County,48,129
TX,Duval County,48,131
TX,Eastland County,48,133
TX,Ector County,48,135
TX,Edwards County,48,137
TX,El Paso County,48,141
TX,Ellis County,48,139
TX,Erath County,48,143
TX,Falls County,48,145
TX,Fannin County,48,147
TX,Fayette County,48,149
TX,Fisher County,48,151
TX,Floyd County,48,153
TX,Foard County,48,155
TX,Fort Bend County,48,157
TX,Franklin County,48,159
TX,Freestone County,48,161
TX,Frio County,48,163
TX,Gaines County,48,165
TX,Galveston County,48,167
TX,Garza County,48,169
TX,Gillespie County,48,171
TX,Glasscock County,48,173
TX,Goliad County,48,175
TX,Gonzales County,48,177
TX,Gray County,48,179
TX,Grayson County,48,181
TX,Gregg County,48,183
TX,Grimes County,48,185
TX,Guadalupe County,48,187
TX,Hale County,48,189
TX,Hall County,48,191
TX,Hamilton County,48,193
TX,Hansford County,48,195
TX,Hardeman County,48,197
TX,Hardin County,48,199
TX,Harris County,48,201
TX,Harrison County,48,203
TX,Hartley County,48,205
TX,Haskell County,48,207
TX,Hays County,48,209
TX,Hemphill County,48,211
TX,Henderson County,48,213
TX,Hidalgo County,48,215
TX,Hill County,48,217
TX,Hockley County,48,219
TX,Hood County,48,221
TX,Hopkins County,48,223
TX,Houston County,48,225
TX,Howard County,48,227
TX,Hudspeth County,48,229
TX,Hunt County,48,231
TX,Hutchinson County,48,233
TX,Irion County,48,235
TX,Jack County,48,237
TX,Jackson County,48,239
TX,Jasper County,48,241
TX,Jeff Davis County,48,243
TX,Jefferson County,48,245
TX,Jim Hogg County,48,247
TX,Jim Wells County,48,249
TX,Johnson County,48,251
TX,Jones County,48,253
TX,Karnes County,48,255
TX,Kaufman County,48,257
TX,Kendall County,48,259
TX,Kenedy County,48,261
TX,Kent County,48,263
TX,Kerr County,48,265
TX,Kimble County,48,267
TX,King County,48,269
TX,Kinney County,48,271
TX,Kleberg County,48,273
TX,Knox County,48,275
TX,La Salle County,48,283
TX,Lamar County,48,277
TX,Lamb County,48,279
TX,Lampasas County,48,281
TX,Lavaca County,48,285
TX,Lee County,48,287
TX,Leon County,48,289
TX,Liberty County,48,291
TX,Limestone County,48,293
TX,Lipscomb County,48,295
TX,Live Oak County,48,297
TX,Llano County,48,299
TX,Loving County,48,301
TX,Lubbock County,48,303
TX,Lynn County,48,305
TX,Madison County,48,313
TX,Marion County,48,315
TX,Martin County,48,317
TX,Mason County,48,319
TX,Matagorda County,48,321
TX,Maverick County,48,323
TX,McCulloch County,48,307
TX,McLennan County,48,309
TX,McMullen County,48,311
TX,Medina County,48,325
TX,Menard County,48,327
TX,Midland County,48,329
TX,Milam County,48,331
TX,Mills County,48,333
TX,Mitchell County,48,335
TX,Montague County,48,337
TX,Montgomery County,48,339
TX,Moore County,48,341
TX,Morris County,48,343
TX,Motley County,48,345
TX,Nacogdoches County,48,347
TX,Navarro County,48,349
TX,Newton County,48,351
TX,Nolan County,48,353
TX,Nueces County,48,355
TX,Ochiltree County,48,357
TX,Oldham County,48,359
TX,Orange County,48,361
TX,Palo Pinto County,48,363
TX,Panola County,48,365
TX,Parker County,48,367
TX,Parmer County,48,369
TX,Pecos County,48,371
TX,Polk County,48,373
TX,Potter County,48,375
TX,Presidio County,48,377
TX,Rains County,48,379
TX,Randall County,48,381
TX,Reagan County,48,383
TX,Real County,48,385
TX,Red River County,48,387
TX,Reeves County,48,389
TX,Refugio County,48,391
TX,Roberts County,48,393
TX,Robertson County,48,395
TX,Rockwall County,48,397
TX,Runnels County,48,399
TX,Rusk County,48,401
TX,Sabine County,48,403
TX,San Augustine County,48,405
TX,San Jacinto County,48,407
TX,San Patricio County,48,409
TX,San Saba County,48,411
TX,Schleicher County,48,413
TX,Scurry County,48,415
TX,Shackelford County,48,417
TX,Shelby County,48,419
TX,Sherman County,48,421
TX,Smith County,48,423
TX,Somervell County,48,425
TX,Starr County,48,427
TX,Stephens County,48,429
TX,Sterling County,48,431
TX,Stonewall County,48,433
TX,Sutton County,48,435
TX,Swisher County,48,437
TX,Tarrant County,48,439
TX,Taylor County,48,441
TX,Terrell County,48,443
TX,Terry County,48,445
TX,Throckmorton County,48,447
TX,Titus County,48,449
TX,Tom Green County,48,451
TX,Travis County,48,453
TX,Trinity County,48,455
TX,Tyler County,48,457
TX,Upshur County,48,459
TX,Upton County,48,461
TX,Uvalde County,48,463
TX,Val Verde County,48,465
TX,Van Zandt County,48,467
TX,Victoria County,48,469
TX,Walker County,48,471
TX,Waller County,48,473
TX,Ward County,48,475
TX,Washington County,48,477
TX,Webb County,48,479
TX,Wharton County,48,481
TX,Wheeler County,48,483
TX,Wichita County,48,485
TX,Wilbarger County,48,487
TX,Willacy County,48,489
TX,Williamson County,48,491
TX,Wilson County,48,493
TX,Winkler County,48,495
TX,Wise County,48,497
TX,Wood County,48,499
TX,Yoakum County,48,501
TX,Young County,48,503
TX,Zapata County,48,505
TX,Zavala County,48,507
UT,Beaver County,49,001
UT,Box Elder County,49,003
UT,Cache County,49,005
UT,Carbon County,49,007
UT,Daggett County,49,009
UT,Davis County,49,011
UT,Duchesne County,49,013
UT,Emery County,49,015
UT,Garfield County,49,017
UT,Grand County,49,019
UT,Iron County,49,021
UT,Juab County,49,023
UT,Kane County,49,025
UT,Millard County,49,027
UT,Morgan County,49,029
UT,Piute County,49,031
UT,Rich County,49,033
UT,Salt Lake County,49,035
UT,San Juan County,49,037
UT,Sanpete County,49,039
UT,Sevier County,49,041
UT,Summit County,49,043
UT,Tooele County,49,045
UT,Uintah County,49,047
UT,Utah County,49,049
UT,Wasatch County,49,051
UT,Washington County,49,053
UT,Wayne County,49,055
UT,Weber County,49,057
VA,Accomack County,51,001
VA,Albemarle County,51,003
VA,Alexandria city,51,510
VA,Alleghany County,51,005
VA,Amelia County,51,007
VA,Amherst County,51,009
VA,Appomattox County,51,011
VA,Arlington County,51,013
VA,Augusta County,51,015
VA,Bath County,51,017
VA,Bedford County,51,019
VA,Bland County,51,021
VA,Botetourt County,51,023
VA,Bristol city,51,520
VA,Brunswick County,51,025
VA,Buchanan County,51,027
VA,Buckingham County,51,029
VA,Buena Vista city,51,530
VA,Campbell County,51,031
VA,Caroline County,51,033
VA,Carroll County,51,035
VA,Charles City County,51,036
VA,Charlotte County,51,037
VA,Charlottesville city,51,540
VA,Chesapeake city,51,550
VA,Chesterfield County,51,041
VA,Clarke County,51,043
VA,Colonial Heights city,51,570
VA,Covington city,51,580
VA,Craig County,51,045
VA,Culpeper County,51,047
VA,Cumberland County,51,049
VA,Danville city,51,590
VA,Dickenson County,51,051
VA,Dinwiddie County,51,053
VA,Emporia city,51,595
VA,Essex County,51,057
VA,Fairfax County,51,059
VA,Fairfax city,51,600
VA,Falls Church city,51,610
VA,Fauquier County,51,061
VA,Floyd County,51,063
VA,Fluvanna County,51,065
VA,Franklin County,51,067
VA,Franklin city,51,620
VA,Frederick County,51,069
VA,Fredericksburg city,51,630
VA,Galax city,51,640
VA,Giles County,51,071
VA,Gloucester County,51,073
VA,Goochland County,51,075
VA,Grayson County,51,077
VA,Greene County,51,079
VA,Greensville County,51,081
VA,Halifax County,51,083
VA,Hampton city,51,650
VA,Hanover County,51,085
VA,Harrisonburg city,51,660
VA,Henrico County,51,087
VA,Henry County,51,089
VA,Highland County,51,091
VA,Hopewell city,51,670
VA,Isle of Wight County,51,093
VA,James City County,51,095
VA,King George County,51,099
VA,King William County,51,101
VA,King and Queen County,51,097
VA,Lancaster County,51,103
VA,Lee County,51,105
VA,Lexington city,51,678
VA,Loudoun County,51,107
VA,Louisa County,51,109
VA,Lunenburg County,51,111
VA,Lynchburg city,51,680
VA,Madison County,51,113
VA,Manassas Park city,51,685
VA,Manassas city,51,683
VA,Martinsville city,51,690
VA,Mathews County,51,115
VA,Mecklenburg County,51,117
VA,Middlesex County,51,119
VA,Montgomery County,51,121
VA,Nelson County,51,125
VA,New Kent County,51,127
VA,Newport News city,51,700
VA,Norfolk city,51,710
VA,Northampton County,51,131
VA,Northumberland County,51,133
VA,Norton city,51,720
VA,Nottoway County,51,135
VA,Orange County,51,137
VA,Page County,51,139
VA,Patrick County,51,141
VA,Petersburg city,51,730
VA,Pittsylvania County,51,143
VA,Poquoson city,51,735
VA,Portsmouth city,51,740
VA,Powhatan County,51,145
VA,Prince Edward County,51,147
VA,Prince George County,51,149
VA,Prince William County,51,153
VA,Pulaski County,51,155
VA,Radford city,51,750
VA,Rappahannock County,51,157
VA,Richmond County,51,159
VA,Richmond city,51,760
VA,Roanoke County,51,161
VA,Roanoke city,51,770
VA,Rockbridge County,51,163
VA,Rockingham County,51,165
VA,Russell County,51,167
VA,Salem city,51,775
VA,Scott County,51,169
VA,Shenandoah County,51,171
VA,Smyth County,51,173
VA,Southampton County,51,175
VA,Spotsylvania County,51,177
VA,Stafford County,51,179
VA,Staunton city,51,790
VA,Suffolk city,51,800
VA,Surry County,51,181
VA,Sussex County,51,183
VA,Tazewell County,51,185
VA,Virginia Beach city,51,810
VA,Warren County,51,187
VA,Washington County,51,191
VA,Waynesboro city,51,820
VA,Westmoreland County,51,193
VA,Williamsburg city,51,830
VA,Winchester city,51,840
VA,Wise County,51,195
VA,Wythe County,51,197
VA,York County,51,199
VI,St. Croix Island,78,010
VI,St. John Island,78,020
VI,St. Thomas Island,78,030
VT,Addison County,50,001
VT,Bennington County,50,003
VT,Caledonia County,50,005
VT,Chittenden County,50,007
VT,Essex County,50,009
VT,Franklin County,50,011
VT,Grand Isle County,50,013
VT,Lamoille County,50,015
VT,Orange County,50,017
VT,Orleans County,50,019
VT,Rutland County,50,021
VT,Washington County,50,023
VT,Windham County,50,025
VT,Windsor County,50,027
WA,Adams County,53,001
WA,Asotin County,53,003
WA,Benton County,53,005
WA,Chelan County,53,007
WA,Clallam County,53,009
WA,Clark County,53,011
WA,Columbia County,53,013
WA,Cowlitz County,53,015
WA,Douglas County,53,017
WA,Ferry County,53,019
WA,Franklin County,53,021
WA,Garfield County,53,023
WA,Grant County,53,025
WA,Grays Harbor County,53,027
WA,Island County,53,029
WA,Jefferson County,53,031
WA,King County,53,033
WA,Kitsap County,53,035
WA,Kittitas County,53,037
WA,Klickitat County,53,039
WA,Lewis County,53,041
WA,Lincoln County,53,043
WA,Mason County,53,045
WA,Okanogan County,53,047
WA,Pacific County,53,049
WA,Pend Oreille County,53,051
WA,Pierce County,53,053
WA,San Juan County,53,055
WA,Skagit County,53,057
WA,Skamania County,53,059
WA,Snohomish County,53,061
WA,Spokane County,53,063
WA,Stevens County,53,065
WA,Thurston County,53,067
WA,Wahkiakum County,53,069
WA,Walla Walla County,53,071
WA,Whatcom County,53,073
WA,Whitman County,53,075
WA,Yakima County,53,077
WI,Adams County,55,001
WI,Ashland County,55,003
WI,Barron County,55,005
WI,Bayfield County,55,007
WI,Brown County,55,009
WI,Buffalo County,55,011
WI,Burnett County,55,013
WI,Calumet County,55,015
WI,Chippewa County,55,017
WI,Clark County,55,019
WI,Columbia County,55,021
WI,Crawford County,55,023
WI,Dane County,55,025
WI,Dodge County,55,027
WI,Door County,55,029
WI,Douglas County,55,031
WI,Dunn County,55,033
WI,Eau Claire County,55,035
WI,Florence County,55,037
WI,Fond du Lac County,55,039
WI,Forest County,55,041
WI,Grant County,55,043
WI,Green County,55,045
WI,Green Lake County,55,047
WI,Iowa County,55,049
WI,Iron County,55,051
WI,Jackson County,55,053
WI,Jefferson County,55,055
WI,Juneau County,55,057
WI,Kenosha County,55,059
WI,Kewaunee County,55,061
WI,La Crosse County,55,063
WI,Lafayette County,55,065
WI,Langlade County,55,067
WI,Lincoln County,55,069
WI,Manitowoc County,55,071
WI,Marathon County,55,073
WI,Marinette County,55,075
WI,Marquette County,55,077
WI,Menominee County,55,078
WI,Milwaukee County,55,079
WI,Monroe County,55,081
WI,Oconto County,55,083
WI,Oneida County,55,085
WI,Outagamie County,55,087
WI,Ozaukee County,55,089
WI,Pepin County,55,091
WI,Pierce County,55,093
WI,Polk County,55,095
WI,Portage County,55,097
WI,Price County,55,099
WI,Racine County,55,101
WI,Richland County,55,103
WI,Rock County,55,105
WI,Rusk County,55,107
WI,Sauk County,55,111
WI,Sawyer County,55,113
WI,Shawano County,55,115
WI,Sheboygan County,55,117
WI,St. Croix County,55,109
WI,Taylor County,55,119
WI,Trempealeau County,55,121
WI,Vernon County,55,123
WI,Vilas County,55,125
WI,Walworth County,55,127
WI,Washburn County,55,129
WI,Washington County,55,131
WI,Waukesha County,55,133
WI,Waupaca County,55,135
WI,Waushara County,55,137
WI,Winnebago County,55,139
WI,Wood County,55,141
WV,Barbour County,54,001
WV,Berkeley County,54,003
WV,Boone County,54,005
WV,Braxton County,54,007
WV,Brooke County,54,009
WV,Cabell County,54,011
WV,Calhoun County,54,013
WV,Clay County,54,015
WV,Doddridge County,54,017
WV,Fayette County,54,019
WV,Gilmer County,54,021
WV,Grant County,54,023
WV,Greenbrier County,54,025
WV,Hampshire County,54,027
WV,Hancock County,54,029
WV,Hardy County,54,031
WV,Harrison County,54,033
WV,Jackson County,54,035
WV,Jefferson County,54,037
WV,Kanawha County,54,039
WV,Lewis County,54,041
WV,Lincoln County,54,043
WV,Logan County,54,045
WV,Marion County,54,049
WV,Marshall County,54,051
WV,Mason County,54,053
WV,McDowell County,54,047
WV,Mercer County,54,055
WV,Mineral County,54,057
WV,Mingo County,54,059
WV,Monongalia County,54,061
WV,Monroe County,54,063
WV,Morgan County,54,065
WV,Nicholas County,54,067
WV,Ohio County,54,069
WV,Pendleton County,54,071
WV,Pleasants County,54,073
WV,Pocahontas County,54,075
WV,Preston County,54,077
WV,Putnam County,54,079
WV,Raleigh County,54,081
WV,Randolph County,54,083
WV,Ritchie County,54,085
WV,Roane County,54,087
WV,Summers County,54,089
WV,Taylor County,54,091
WV,Tucker County,54,093
WV,Tyler County,54,095
WV,Upshur County,54,097
WV,Wayne County,54,099
WV,Webster County,54,101
WV,Wetzel County,54,103
WV,Wirt County,54,105
WV,Wood County,54,107
WV,Wyoming County,54,109
WY,Albany County,56,001
WY,Big Horn County,56,003
WY,Campbell County,56,005
WY,Carbon County,56,007
WY,Converse County,56,009
WY,Crook County,56,011
WY,Fremont County,56,013
WY,Goshen County,56,015
WY,Hot Springs County,56,017
WY,Johnson County,56,019
WY,Laramie County,56,021
WY,Lincoln County,56,023
WY,Natrona County,56,025
WY,Niobrara County,56,027
WY,Park County,56,029
WY,Platte County,56,031
WY,Sheridan County,56,033
WY,Sublette County,56,035
WY,Sweetwater County,56,037
WY,Teton County,56,039
WY,Uinta County,56,041
WY,Washakie County,56,043
WY,Weston County,56,045
